game_id,block,mean_B,ev_consistency,n_participants,ev_diff,ev_max_conflict,ambiguity,reconstruction_method,feedback
1,1,0.4224,0.4224,125,-0.2,False,False,exact,0
1,2,0.5712,0.5712,125,-0.2,False,False,exact,1
1,3,0.568,0.568,125,-0.2,False,False,exact,1
1,4,0.5952,0.5952,125,-0.2,False,False,exact,1
1,5,0.6496,0.6496,125,-0.2,False,False,exact,1
2,1,0.6128,0.6128,125,-0.05,False,False,exact,0
2,2,0.616,0.616,125,-0.05,False,False,exact,1
2,3,0.6208,0.6208,125,-0.05,False,False,exact,1
2,4,0.6384,0.6384,125,-0.05,False,False,exact,1
2,5,0.616,0.616,125,-0.05,False,False,exact,1
5,1,0.4928,0.5072,125,0.2,True,False,exact,0
5,2,0.464,0.536,125,0.2,True,False,exact,1
5,3,0.416,0.584,125,0.2,True,False,exact,1
5,4,0.3824,0.6176,125,0.2,True,False,exact,1
5,5,0.3568,0.6432,125,0.2,True,False,exact,1
6,1,0.3824,0.6176,125,0.05,False,False,exact,0
6,2,0.4016,0.5984,125,0.05,False,False,exact,1
6,3,0.3968,0.6032,125,0.05,False,False,exact,1
6,4,0.424,0.576,125,0.05,False,False,exact,1
6,5,0.4064,0.5936,125,0.05,False,False,exact,1
11,1,0.1328,0.8672,125,3.0,True,False,exact,0
11,2,0.2192,0.7808,125,3.0,True,False,exact,1
11,3,0.208,0.792,125,3.0,True,False,exact,1
11,4,0.1968,0.8032,125,3.0,True,False,exact,1
11,5,0.2064,0.7936,125,3.0,True,False,exact,1
15,1,0.7824,0.7824,125,-18.5,False,False,exact,0
15,2,0.8432,0.8432,125,-18.5,False,False,exact,1
15,3,0.8784,0.8784,125,-18.5,False,False,exact,1
15,4,0.8288,0.8288,125,-18.5,False,False,exact,1
15,5,0.8464,0.8464,125,-18.5,False,False,exact,1
16,1,0.7072,0.7072,125,-17.5,False,False,exact,0
16,2,0.7904,0.7904,125,-17.5,False,False,exact,1
16,3,0.8128,0.8128,125,-17.5,False,False,exact,1
16,4,0.832,0.832,125,-17.5,False,False,exact,1
16,5,0.8304,0.8304,125,-17.5,False,False,exact,1
17,1,0.2384,0.7616,125,4.5,True,False,exact,0
17,2,0.3296,0.6704,125,4.5,True,False,exact,1
17,3,0.3248,0.6752,125,4.5,True,False,exact,1
17,4,0.304,0.696,125,4.5,True,False,exact,1
17,5,0.2896,0.7104,125,4.5,True,False,exact,1
18,1,0.232,0.768,125,5.5,True,False,exact,0
18,2,0.328,0.672,125,5.5,True,False,exact,1
18,3,0.4032,0.5968,125,5.5,True,False,exact,1
18,4,0.3328,0.6672,125,5.5,True,False,exact,1
18,5,0.3328,0.6672,125,5.5,True,False,exact,1
19,1,0.3648,0.6352,125,0.5072,True,False,empirical,0
19,2,0.3872,0.6128,125,0.5072,True,False,empirical,1
19,3,0.3568,0.6432,125,0.5072,True,False,empirical,1
19,4,0.3088,0.6912,125,0.5072,True,False,empirical,1
19,5,0.2976,0.7024,125,0.5072,True,False,empirical,1
20,1,0.376,0.624,125,0.83424,True,False,empirical,0
20,2,0.376,0.624,125,0.83424,True,False,empirical,1
20,3,0.392,0.608,125,0.83424,True,False,empirical,1
20,4,0.3632,0.6368,125,0.83424,True,False,empirical,1
20,5,0.3616,0.6384,125,0.83424,True,False,empirical,1
26,1,0.4992,0.4992,125,-4.6,False,False,exact,0
26,2,0.6528,0.6528,125,-4.6,False,False,exact,1
26,3,0.6112,0.6112,125,-4.6,False,False,exact,1
26,4,0.5968,0.5968,125,-4.6,False,False,exact,1
26,5,0.5456,0.5456,125,-4.6,False,False,exact,1
27,1,0.504,0.504,125,-3.53696,False,False,empirical,0
27,2,0.568,0.568,125,-3.53696,False,False,empirical,1
27,3,0.6,0.6,125,-3.53696,False,False,empirical,1
27,4,0.5776,0.5776,125,-3.53696,False,False,empirical,1
27,5,0.5728,0.5728,125,-3.53696,False,False,empirical,1
28,1,0.9088,0.9088,125,-1.5,False,False,exact,0
28,2,0.8656,0.8656,125,-1.5,False,False,exact,1
28,3,0.8256,0.8256,125,-1.5,False,False,exact,1
28,4,0.8464,0.8464,125,-1.5,False,False,exact,1
28,5,0.8432,0.8432,125,-1.5,False,False,exact,1
29,1,0.9664,0.9664,125,-1.0,False,False,exact,0
29,2,0.9824,0.9824,125,-1.0,False,False,exact,1
29,3,0.9904,0.9904,125,-1.0,False,False,exact,1
29,4,0.9888,0.9888,125,-1.0,False,False,exact,1
29,5,0.9952,0.9952,125,-1.0,False,False,exact,1
30,1,0.9424,0.9424,125,-1.0,False,False,exact,0
30,2,0.9648,0.9648,125,-1.0,False,False,exact,1
30,3,0.9632,0.9632,125,-1.0,False,False,exact,1
30,4,0.976,0.976,125,-1.0,False,False,exact,1
30,5,0.9792,0.9792,125,-1.0,False,False,exact,1
31,1,0.23209876543209876,0.23209876543209876,81,-2.4,False,True,exact,0
31,2,0.30864197530864196,0.30864197530864196,81,-2.4,False,True,exact,1
31,3,0.3432098765432099,0.3432098765432099,81,-2.4,False,True,exact,1
31,4,0.4074074074074074,0.4074074074074074,81,-2.4,False,True,exact,1
31,5,0.3654320987654321,0.3654320987654321,81,-2.4,False,True,exact,1
32,1,0.6814814814814815,0.6814814814814815,81,-5.75,False,False,exact,0
32,2,0.6839506172839506,0.6839506172839506,81,-5.75,False,False,exact,1
32,3,0.674074074074074,0.674074074074074,81,-5.75,False,False,exact,1
32,4,0.6691358024691358,0.6691358024691358,81,-5.75,False,False,exact,1
32,5,0.6864197530864198,0.6864197530864198,81,-5.75,False,False,exact,1
33,1,0.32592592592592595,0.674074074074074,81,4.6,True,False,exact,0
33,2,0.27901234567901234,0.7209876543209877,81,4.6,True,False,exact,1
33,3,0.30617283950617286,0.6938271604938272,81,4.6,True,False,exact,1
33,4,0.24691358024691357,0.7530864197530864,81,4.6,True,False,exact,1
33,5,0.21975308641975308,0.7802469135802469,81,4.6,True,False,exact,1
34,1,0.38765432098765434,0.6123456790123457,81,0.427654,True,False,empirical,0
34,2,0.4469135802469136,0.5530864197530864,81,0.427654,True,False,empirical,1
34,3,0.4271604938271605,0.5728395061728395,81,0.427654,True,False,empirical,1
34,4,0.4123456790123457,0.5876543209876544,81,0.427654,True,False,empirical,1
34,5,0.4024691358024691,0.5975308641975309,81,0.427654,True,False,empirical,1
35,1,0.17530864197530865,0.8246913580246914,81,9.38,True,False,exact,0
35,2,0.08888888888888889,0.9111111111111111,81,9.38,True,False,exact,1
35,3,0.04197530864197531,0.9580246913580247,81,9.38,True,False,exact,1
35,4,0.027160493827160494,0.9728395061728395,81,9.38,True,False,exact,1
35,5,0.04938271604938271,0.9506172839506173,81,9.38,True,False,exact,1
36,1,0.3925925925925926,0.3925925925925926,81,-3.971358,False,False,empirical,0
36,2,0.5456790123456791,0.5456790123456791,81,-3.971358,False,False,empirical,1
36,3,0.5580246913580247,0.5580246913580247,81,-3.971358,False,False,empirical,1
36,4,0.6024691358024692,0.6024691358024692,81,-3.971358,False,False,empirical,1
36,5,0.5679012345679012,0.5679012345679012,81,-3.971358,False,False,empirical,1
37,1,0.3802469135802469,0.3802469135802469,81,-0.7,False,False,exact,0
37,2,0.40987654320987654,0.40987654320987654,81,-0.7,False,False,exact,1
37,3,0.41975308641975306,0.41975308641975306,81,-0.7,False,False,exact,1
37,4,0.36790123456790125,0.36790123456790125,81,-0.7,False,False,exact,1
37,5,0.3728395061728395,0.3728395061728395,81,-0.7,False,False,exact,1
38,1,0.908641975308642,0.908641975308642,81,-4.3,False,False,exact,0
38,2,0.9777777777777777,0.9777777777777777,81,-4.3,False,False,exact,1
38,3,0.9901234567901235,0.9901234567901235,81,-4.3,False,False,exact,1
38,4,1.0,1.0,81,-4.3,False,False,exact,1
38,5,1.0,1.0,81,-4.3,False,False,exact,1
39,1,0.49876543209876545,0.5012345679012346,81,1.500247,True,False,empirical,0
39,2,0.6888888888888889,0.3111111111111111,81,1.500247,True,False,empirical,1
39,3,0.6962962962962963,0.3037037037037037,81,1.500247,True,False,empirical,1
39,4,0.6839506172839506,0.3160493827160494,81,1.500247,True,False,empirical,1
39,5,0.6641975308641975,0.3358024691358025,81,1.500247,True,False,empirical,1
40,1,0.48641975308641977,0.48641975308641977,81,-11.490864,False,False,empirical,0
40,2,0.5358024691358024,0.5358024691358024,81,-11.490864,False,False,empirical,1
40,3,0.6049382716049383,0.6049382716049383,81,-11.490864,False,False,empirical,1
40,4,0.6,0.6,81,-11.490864,False,False,empirical,1
40,5,0.562962962962963,0.562962962962963,81,-11.490864,False,False,empirical,1
41,1,0.6839506172839506,0.6839506172839506,81,-1.184691,False,False,empirical,0
41,2,0.7308641975308642,0.7308641975308642,81,-1.184691,False,False,empirical,1
41,3,0.7432098765432099,0.7432098765432099,81,-1.184691,False,False,empirical,1
41,4,0.6790123456790124,0.6790123456790124,81,-1.184691,False,False,empirical,1
41,5,0.6765432098765433,0.6765432098765433,81,-1.184691,False,False,empirical,1
42,1,0.6049382716049383,0.3950617283950617,81,7.5,True,True,exact,0
42,2,0.4765432098765432,0.5234567901234568,81,7.5,True,True,exact,1
42,3,0.254320987654321,0.745679012345679,81,7.5,True,True,exact,1
42,4,0.2271604938271605,0.7728395061728395,81,7.5,True,True,exact,1
42,5,0.19753086419753085,0.8024691358024691,81,7.5,True,True,exact,1
43,1,0.12839506172839507,0.8716049382716049,81,2.3,False,False,exact,0
43,2,0.044444444444444446,0.9555555555555556,81,2.3,False,False,exact,1
43,3,0.0024691358024691358,0.9975308641975309,81,2.3,False,False,exact,1
43,4,0.0,1.0,81,2.3,False,False,exact,1
43,5,0.0049382716049382715,0.9950617283950617,81,2.3,False,False,exact,1
44,1,0.2740740740740741,0.2740740740740741,81,-0.43,False,False,exact,0
44,2,0.43703703703703706,0.43703703703703706,81,-0.43,False,False,exact,1
44,3,0.4691358024691358,0.4691358024691358,81,-0.43,False,False,exact,1
44,4,0.49382716049382713,0.49382716049382713,81,-0.43,False,False,exact,1
44,5,0.4666666666666667,0.4666666666666667,81,-0.43,False,False,exact,1
45,1,0.4962962962962963,0.4962962962962963,81,-0.058765,False,False,empirical,0
45,2,0.5580246913580247,0.5580246913580247,81,-0.058765,False,False,empirical,1
45,3,0.5851851851851851,0.5851851851851851,81,-0.058765,False,False,empirical,1
45,4,0.5333333333333333,0.5333333333333333,81,-0.058765,False,False,empirical,1
45,5,0.5234567901234568,0.5234567901234568,81,-0.058765,False,False,empirical,1
46,1,0.2,0.8,81,6.08,False,False,exact,0
46,2,0.2691358024691358,0.7308641975308642,81,6.08,False,False,exact,1
46,3,0.2716049382716049,0.7283950617283951,81,6.08,False,False,exact,1
46,4,0.30617283950617286,0.6938271604938272,81,6.08,False,False,exact,1
46,5,0.3012345679012346,0.6987654320987654,81,6.08,False,False,exact,1
47,1,0.21481481481481482,0.7851851851851852,81,3.061728,True,False,empirical,0
47,2,0.19506172839506172,0.8049382716049382,81,3.061728,True,False,empirical,1
47,3,0.20987654320987653,0.7901234567901234,81,3.061728,True,False,empirical,1
47,4,0.1580246913580247,0.8419753086419753,81,3.061728,True,False,empirical,1
47,5,0.145679012345679,0.854320987654321,81,3.061728,True,False,empirical,1
48,1,0.39012345679012345,0.39012345679012345,81,-2.0,False,True,exact,0
48,2,0.49382716049382713,0.49382716049382713,81,-2.0,False,True,exact,1
48,3,0.5160493827160494,0.5160493827160494,81,-2.0,False,True,exact,1
48,4,0.4469135802469136,0.4469135802469136,81,-2.0,False,True,exact,1
48,5,0.41975308641975306,0.41975308641975306,81,-2.0,False,True,exact,1
49,1,0.5382716049382716,0.5382716049382716,81,-0.005926,False,False,empirical,0
49,2,0.4962962962962963,0.4962962962962963,81,-0.005926,False,False,empirical,1
49,3,0.49382716049382713,0.49382716049382713,81,-0.005926,False,False,empirical,1
49,4,0.4839506172839506,0.4839506172839506,81,-0.005926,False,False,empirical,1
49,5,0.4765432098765432,0.4765432098765432,81,-0.005926,False,False,empirical,1
50,1,0.43703703703703706,0.562962962962963,81,0.024198,True,False,empirical,0
50,2,0.6567901234567901,0.3432098765432099,81,0.024198,True,False,empirical,1
50,3,0.5975308641975309,0.4024691358024691,81,0.024198,True,False,empirical,1
50,4,0.5703703703703704,0.42962962962962964,81,0.024198,True,False,empirical,1
50,5,0.5728395061728395,0.4271604938271605,81,0.024198,True,False,empirical,1
51,1,0.7925925925925926,0.7925925925925926,81,-2.0,False,False,exact,0
51,2,0.7086419753086419,0.7086419753086419,81,-2.0,False,False,exact,1
51,3,0.7358024691358025,0.7358024691358025,81,-2.0,False,False,exact,1
51,4,0.7160493827160493,0.7160493827160493,81,-2.0,False,False,exact,1
51,5,0.7037037037037037,0.7037037037037037,81,-2.0,False,False,exact,1
52,1,0.362962962962963,0.362962962962963,81,-0.8,False,False,exact,0
52,2,0.2617283950617284,0.2617283950617284,81,-0.8,False,False,exact,1
52,3,0.254320987654321,0.254320987654321,81,-0.8,False,False,exact,1
52,4,0.2222222222222222,0.2222222222222222,81,-0.8,False,False,exact,1
52,5,0.21728395061728395,0.21728395061728395,81,-0.8,False,False,exact,1
53,1,0.35555555555555557,0.6444444444444445,81,2.0,True,False,exact,0
53,2,0.4271604938271605,0.5728395061728395,81,2.0,True,False,exact,1
53,3,0.41728395061728396,0.582716049382716,81,2.0,True,False,exact,1
53,4,0.4148148148148148,0.5851851851851851,81,2.0,True,False,exact,1
53,5,0.4148148148148148,0.5851851851851851,81,2.0,True,False,exact,1
54,1,0.32098765432098764,0.6790123456790124,81,2.5,True,False,exact,0
54,2,0.2962962962962963,0.7037037037037037,81,2.5,True,False,exact,1
54,3,0.30864197530864196,0.691358024691358,81,2.5,True,False,exact,1
54,4,0.32098765432098764,0.6790123456790124,81,2.5,True,False,exact,1
54,5,0.28641975308641976,0.7135802469135802,81,2.5,True,False,exact,1
55,1,0.20493827160493827,0.7950617283950617,81,5.797037,False,False,empirical,0
55,2,0.1580246913580247,0.8419753086419753,81,5.797037,False,False,empirical,1
55,3,0.09382716049382717,0.9061728395061729,81,5.797037,False,False,empirical,1
55,4,0.07407407407407407,0.9259259259259259,81,5.797037,False,False,empirical,1
55,5,0.0691358024691358,0.9308641975308642,81,5.797037,False,False,empirical,1
56,1,0.762962962962963,0.762962962962963,81,-2.71,False,False,exact,0
56,2,0.8814814814814815,0.8814814814814815,81,-2.71,False,False,exact,1
56,3,0.9061728395061729,0.9061728395061729,81,-2.71,False,False,exact,1
56,4,0.9012345679012346,0.9012345679012346,81,-2.71,False,False,exact,1
56,5,0.8938271604938272,0.8938271604938272,81,-2.71,False,False,exact,1
57,1,0.7679012345679013,0.7679012345679013,81,-9.777284,True,False,empirical,0
57,2,0.7086419753086419,0.7086419753086419,81,-9.777284,True,False,empirical,1
57,3,0.6987654320987654,0.6987654320987654,81,-9.777284,True,False,empirical,1
57,4,0.7308641975308642,0.7308641975308642,81,-9.777284,True,False,empirical,1
57,5,0.7481481481481481,0.7481481481481481,81,-9.777284,True,False,empirical,1
58,1,0.6024691358024692,0.39753086419753086,81,1.8,False,False,exact,0
58,2,0.5111111111111111,0.4888888888888889,81,1.8,False,False,exact,1
58,3,0.5209876543209877,0.47901234567901235,81,1.8,False,False,exact,1
58,4,0.5407407407407407,0.45925925925925926,81,1.8,False,False,exact,1
58,5,0.5580246913580247,0.4419753086419753,81,1.8,False,False,exact,1
59,1,0.5111111111111111,0.5111111111111111,81,-2.15,False,False,exact,0
59,2,0.5234567901234568,0.5234567901234568,81,-2.15,False,False,exact,1
59,3,0.5209876543209877,0.5209876543209877,81,-2.15,False,False,exact,1
59,4,0.49382716049382713,0.49382716049382713,81,-2.15,False,False,exact,1
59,5,0.48641975308641977,0.48641975308641977,81,-2.15,False,False,exact,1
60,1,0.3654320987654321,0.6345679012345679,81,0.8,False,False,exact,0
60,2,0.37777777777777777,0.6222222222222222,81,0.8,False,False,exact,1
60,3,0.34074074074074073,0.6592592592592592,81,0.8,False,False,exact,1
60,4,0.2938271604938272,0.7061728395061728,81,0.8,False,False,exact,1
60,5,0.3012345679012346,0.6987654320987654,81,0.8,False,False,exact,1
61,1,0.6675,0.3325,80,1.131,True,False,empirical,0
61,2,0.6175,0.3825,80,1.131,True,False,empirical,1
61,3,0.6175,0.3825,80,1.131,True,False,empirical,1
61,4,0.6025,0.3975,80,1.131,True,False,empirical,1
61,5,0.555,0.445,80,1.131,True,False,empirical,1
62,1,0.3225,0.6775,80,2.4,True,False,exact,0
62,2,0.3175,0.6825,80,2.4,True,False,exact,1
62,3,0.3475,0.6525,80,2.4,True,False,exact,1
62,4,0.3375,0.6625,80,2.4,True,False,exact,1
62,5,0.3375,0.6625,80,2.4,True,False,exact,1
63,1,0.6775,0.6775,80,-2.63,False,False,empirical,0
63,2,0.6975,0.6975,80,-2.63,False,False,empirical,1
63,3,0.67,0.67,80,-2.63,False,False,empirical,1
63,4,0.66,0.66,80,-2.63,False,False,empirical,1
63,5,0.69,0.69,80,-2.63,False,False,empirical,1
64,1,0.3525,0.3525,80,-2.2,True,True,exact,0
64,2,0.55,0.55,80,-2.2,True,True,exact,1
64,3,0.7,0.7,80,-2.2,True,True,exact,1
64,4,0.7225,0.7225,80,-2.2,True,True,exact,1
64,5,0.675,0.675,80,-2.2,True,True,exact,1
65,1,0.325,0.675,80,0.2,False,False,exact,0
65,2,0.3975,0.6025,80,0.2,False,False,exact,1
65,3,0.435,0.565,80,0.2,False,False,exact,1
65,4,0.4475,0.5525,80,0.2,False,False,exact,1
65,5,0.45,0.55,80,0.2,False,False,exact,1
66,1,0.43,0.57,80,4.754,True,False,empirical,0
66,2,0.345,0.655,80,4.754,True,False,empirical,1
66,3,0.3975,0.6025,80,4.754,True,False,empirical,1
66,4,0.4375,0.5625,80,4.754,True,False,empirical,1
66,5,0.4275,0.5725,80,4.754,True,False,empirical,1
67,1,0.445,0.555,80,2.5,False,False,exact,0
67,2,0.47,0.53,80,2.5,False,False,exact,1
67,3,0.46,0.54,80,2.5,False,False,exact,1
67,4,0.4775,0.5225,80,2.5,False,False,exact,1
67,5,0.43,0.57,80,2.5,False,False,exact,1
68,1,0.3875,0.6125,80,2.8,True,False,exact,0
68,2,0.27,0.73,80,2.8,True,False,exact,1
68,3,0.2925,0.7075,80,2.8,True,False,exact,1
68,4,0.32,0.68,80,2.8,True,False,exact,1
68,5,0.305,0.695,80,2.8,True,False,exact,1
69,1,0.3875,0.3875,80,-0.678,True,True,empirical,0
69,2,0.285,0.285,80,-0.678,True,True,empirical,1
69,3,0.37,0.37,80,-0.678,True,True,empirical,1
69,4,0.4025,0.4025,80,-0.678,True,True,empirical,1
69,5,0.445,0.445,80,-0.678,True,True,empirical,1
70,1,0.38,0.38,80,-3.5,False,False,exact,0
70,2,0.5475,0.5475,80,-3.5,False,False,exact,1
70,3,0.5775,0.5775,80,-3.5,False,False,exact,1
70,4,0.5975,0.5975,80,-3.5,False,False,exact,1
70,5,0.5825,0.5825,80,-3.5,False,False,exact,1
71,1,0.3775,0.6225,80,5.4,True,False,exact,0
71,2,0.2525,0.7475,80,5.4,True,False,exact,1
71,3,0.2875,0.7125,80,5.4,True,False,exact,1
71,4,0.23,0.77,80,5.4,True,False,exact,1
71,5,0.28,0.72,80,5.4,True,False,exact,1
72,1,0.8225,0.8225,80,-6.25,False,False,exact,0
72,2,0.9575,0.9575,80,-6.25,False,False,exact,1
72,3,0.995,0.995,80,-6.25,False,False,exact,1
72,4,1.0,1.0,80,-6.25,False,False,exact,1
72,5,1.0,1.0,80,-6.25,False,False,exact,1
73,1,0.37,0.37,80,-0.1425,False,False,empirical,0
73,2,0.3825,0.3825,80,-0.1425,False,False,empirical,1
73,3,0.39,0.39,80,-0.1425,False,False,empirical,1
73,4,0.39,0.39,80,-0.1425,False,False,empirical,1
73,5,0.4125,0.4125,80,-0.1425,False,False,empirical,1
74,1,0.1325,0.8675,80,3.788,False,True,empirical,0
74,2,0.05,0.95,80,3.788,False,True,empirical,1
74,3,0.015,0.985,80,3.788,False,True,empirical,1
74,4,0.0025,0.9975,80,3.788,False,True,empirical,1
74,5,0.0025,0.9975,80,3.788,False,True,empirical,1
75,1,0.3525,0.6475,80,1.0,True,False,exact,0
75,2,0.4375,0.5625,80,1.0,True,False,exact,1
75,3,0.415,0.585,80,1.0,True,False,exact,1
75,4,0.4375,0.5625,80,1.0,True,False,exact,1
75,5,0.495,0.505,80,1.0,True,False,exact,1
76,1,0.6775,0.6775,80,-0.207,True,True,empirical,0
76,2,0.7075,0.7075,80,-0.207,True,True,empirical,1
76,3,0.705,0.705,80,-0.207,True,True,empirical,1
76,4,0.6825,0.6825,80,-0.207,True,True,empirical,1
76,5,0.6425,0.6425,80,-0.207,True,True,empirical,1
77,1,0.645,0.645,80,-8.8,False,False,exact,0
77,2,0.6625,0.6625,80,-8.8,False,False,exact,1
77,3,0.6525,0.6525,80,-8.8,False,False,exact,1
77,4,0.6025,0.6025,80,-8.8,False,False,exact,1
77,5,0.625,0.625,80,-8.8,False,False,exact,1
78,1,0.105,0.895,80,8.25,True,False,exact,0
78,2,0.1175,0.8825,80,8.25,True,False,exact,1
78,3,0.1075,0.8925,80,8.25,True,False,exact,1
78,4,0.1425,0.8575,80,8.25,True,False,exact,1
78,5,0.12,0.88,80,8.25,True,False,exact,1
79,1,0.14,0.86,80,9.57,True,False,exact,0
79,2,0.0725,0.9275,80,9.57,True,False,exact,1
79,3,0.035,0.965,80,9.57,True,False,exact,1
79,4,0.015,0.985,80,9.57,True,False,exact,1
79,5,0.015,0.985,80,9.57,True,False,exact,1
80,1,0.4675,0.5325,80,4.6,True,False,exact,0
80,2,0.3725,0.6275,80,4.6,True,False,exact,1
80,3,0.4125,0.5875,80,4.6,True,False,exact,1
80,4,0.405,0.595,80,4.6,True,False,exact,1
80,5,0.425,0.575,80,4.6,True,False,exact,1
81,1,0.1375,0.8625,80,8.1,False,True,exact,0
81,2,0.035,0.965,80,8.1,False,True,exact,1
81,3,0.0125,0.9875,80,8.1,False,True,exact,1
81,4,0.0125,0.9875,80,8.1,False,True,exact,1
81,5,0.0125,0.9875,80,8.1,False,True,exact,1
82,1,0.5475,0.5475,80,-0.0085,False,True,empirical,0
82,2,0.72,0.72,80,-0.0085,False,True,empirical,1
82,3,0.7725,0.7725,80,-0.0085,False,True,empirical,1
82,4,0.805,0.805,80,-0.0085,False,True,empirical,1
82,5,0.82,0.82,80,-0.0085,False,True,empirical,1
83,1,0.865,0.865,80,-0.55,False,False,exact,0
83,2,0.96,0.96,80,-0.55,False,False,exact,1
83,3,0.9825,0.9825,80,-0.55,False,False,exact,1
83,4,0.9825,0.9825,80,-0.55,False,False,exact,1
83,5,0.985,0.985,80,-0.55,False,False,exact,1
84,1,0.0775,0.9225,80,5.29,False,False,exact,0
84,2,0.015,0.985,80,5.29,False,False,exact,1
84,3,0.0,1.0,80,5.29,False,False,exact,1
84,4,0.0025,0.9975,80,5.29,False,False,exact,1
84,5,0.0025,0.9975,80,5.29,False,False,exact,1
85,1,0.4275,0.4275,80,-2.0,False,False,exact,0
85,2,0.4525,0.4525,80,-2.0,False,False,exact,1
85,3,0.4875,0.4875,80,-2.0,False,False,exact,1
85,4,0.46,0.46,80,-2.0,False,False,exact,1
85,5,0.4375,0.4375,80,-2.0,False,False,exact,1
86,1,0.13,0.13,80,-3.5,True,True,exact,0
86,2,0.23,0.23,80,-3.5,True,True,exact,1
86,3,0.3025,0.3025,80,-3.5,True,True,exact,1
86,4,0.315,0.315,80,-3.5,True,True,exact,1
86,5,0.2525,0.2525,80,-3.5,True,True,exact,1
87,1,0.805,0.805,80,-5.6745,False,False,empirical,0
87,2,0.955,0.955,80,-5.6745,False,False,empirical,1
87,3,0.98,0.98,80,-5.6745,False,False,empirical,1
87,4,0.96,0.96,80,-5.6745,False,False,empirical,1
87,5,0.975,0.975,80,-5.6745,False,False,empirical,1
88,1,0.68,0.32,80,2.2,False,True,exact,0
88,2,0.5725,0.4275,80,2.2,False,True,exact,1
88,3,0.5125,0.4875,80,2.2,False,True,exact,1
88,4,0.4425,0.5575,80,2.2,False,True,exact,1
88,5,0.37,0.63,80,2.2,False,True,exact,1
89,1,0.88,0.88,80,-2.7,False,False,exact,0
89,2,0.955,0.955,80,-2.7,False,False,exact,1
89,3,0.9925,0.9925,80,-2.7,False,False,exact,1
89,4,1.0,1.0,80,-2.7,False,False,exact,1
89,5,1.0,1.0,80,-2.7,False,False,exact,1
90,1,0.415,0.415,80,-1.0,False,False,exact,0
90,2,0.5525,0.5525,80,-1.0,False,False,exact,1
90,3,0.5275,0.5275,80,-1.0,False,False,exact,1
90,4,0.5575,0.5575,80,-1.0,False,False,exact,1
90,5,0.545,0.545,80,-1.0,False,False,exact,1
91,1,0.92,0.92,80,-3.6,False,False,exact,0
91,2,0.9625,0.9625,80,-3.6,False,False,exact,1
91,3,0.9875,0.9875,80,-3.6,False,False,exact,1
91,4,0.9925,0.9925,80,-3.6,False,False,exact,1
91,5,0.995,0.995,80,-3.6,False,False,exact,1
92,1,0.3925,0.6075,80,1.8,True,False,exact,0
92,2,0.28,0.72,80,1.8,True,False,exact,1
92,3,0.3475,0.6525,80,1.8,True,False,exact,1
92,4,0.3125,0.6875,80,1.8,True,False,exact,1
92,5,0.3175,0.6825,80,1.8,True,False,exact,1
93,1,0.555,0.445,80,3.096,True,True,empirical,0
93,2,0.475,0.525,80,3.096,True,True,empirical,1
93,3,0.435,0.565,80,3.096,True,True,empirical,1
93,4,0.3325,0.6675,80,3.096,True,True,empirical,1
93,5,0.2975,0.7025,80,3.096,True,True,empirical,1
94,1,0.1025,0.8975,80,2.25,False,False,exact,0
94,2,0.035,0.965,80,2.25,False,False,exact,1
94,3,0.015,0.985,80,2.25,False,False,exact,1
94,4,0.025,0.975,80,2.25,False,False,exact,1
94,5,0.02,0.98,80,2.25,False,False,exact,1
95,1,0.7225,0.7225,80,-12.198,False,False,empirical,0
95,2,0.5975,0.5975,80,-12.198,False,False,empirical,1
95,3,0.5725,0.5725,80,-12.198,False,False,empirical,1
95,4,0.5675,0.5675,80,-12.198,False,False,empirical,1
95,5,0.5675,0.5675,80,-12.198,False,False,empirical,1
96,1,0.3025,0.6975,80,5.25,False,False,exact,0
96,2,0.3375,0.6625,80,5.25,False,False,exact,1
96,3,0.3675,0.6325,80,5.25,False,False,exact,1
96,4,0.335,0.665,80,5.25,False,False,exact,1
96,5,0.3125,0.6875,80,5.25,False,False,exact,1
97,1,0.2225,0.7775,80,5.0,True,False,exact,0
97,2,0.135,0.865,80,5.0,True,False,exact,1
97,3,0.265,0.735,80,5.0,True,False,exact,1
97,4,0.2375,0.7625,80,5.0,True,False,exact,1
97,5,0.21,0.79,80,5.0,True,False,exact,1
98,1,0.5075,0.4925,80,5.008,False,False,empirical,0
98,2,0.4475,0.5525,80,5.008,False,False,empirical,1
98,3,0.43,0.57,80,5.008,False,False,empirical,1
98,4,0.44,0.56,80,5.008,False,False,empirical,1
98,5,0.4525,0.5475,80,5.008,False,False,empirical,1
99,1,0.6475,0.6475,80,-4.797,False,False,empirical,0
99,2,0.74,0.74,80,-4.797,False,False,empirical,1
99,3,0.7475,0.7475,80,-4.797,False,False,empirical,1
99,4,0.71,0.71,80,-4.797,False,False,empirical,1
99,5,0.705,0.705,80,-4.797,False,False,empirical,1
100,1,0.5375,0.4625,80,0.2,False,False,exact,0
100,2,0.4575,0.5425,80,0.2,False,False,exact,1
100,3,0.5,0.5,80,0.2,False,False,exact,1
100,4,0.535,0.465,80,0.2,False,False,exact,1
100,5,0.53,0.47,80,0.2,False,False,exact,1
101,1,0.83,0.83,80,-1.6015,False,False,empirical,0
101,2,0.825,0.825,80,-1.6015,False,False,empirical,1
101,3,0.7875,0.7875,80,-1.6015,False,False,empirical,1
101,4,0.7675,0.7675,80,-1.6015,False,False,empirical,1
101,5,0.7625,0.7625,80,-1.6015,False,False,empirical,1
102,1,0.385,0.615,80,0.5505,True,True,empirical,0
102,2,0.51,0.49,80,0.5505,True,True,empirical,1
102,3,0.5875,0.4125,80,0.5505,True,True,empirical,1
102,4,0.62,0.38,80,0.5505,True,True,empirical,1
102,5,0.59,0.41,80,0.5505,True,True,empirical,1
103,1,0.8325,0.8325,80,-6.524,False,False,empirical,0
103,2,0.8225,0.8225,80,-6.524,False,False,empirical,1
103,3,0.7325,0.7325,80,-6.524,False,False,empirical,1
103,4,0.775,0.775,80,-6.524,False,False,empirical,1
103,5,0.7675,0.7675,80,-6.524,False,False,empirical,1
104,1,0.8525,0.8525,80,-8.7,False,False,exact,0
104,2,0.95,0.95,80,-8.7,False,False,exact,1
104,3,0.98,0.98,80,-8.7,False,False,exact,1
104,4,0.97,0.97,80,-8.7,False,False,exact,1
104,5,0.9825,0.9825,80,-8.7,False,False,exact,1
105,1,0.895,0.895,80,-6.54,False,False,exact,0
105,2,0.97,0.97,80,-6.54,False,False,exact,1
105,3,1.0,1.0,80,-6.54,False,False,exact,1
105,4,1.0,1.0,80,-6.54,False,False,exact,1
105,5,1.0,1.0,80,-6.54,False,False,exact,1
106,1,0.195,0.805,80,4.8035,True,False,empirical,0
106,2,0.135,0.865,80,4.8035,True,False,empirical,1
106,3,0.1525,0.8475,80,4.8035,True,False,empirical,1
106,4,0.145,0.855,80,4.8035,True,False,empirical,1
106,5,0.1225,0.8775,80,4.8035,True,False,empirical,1
107,1,0.3925,0.6075,80,1.731,True,False,empirical,0
107,2,0.39,0.61,80,1.731,True,False,empirical,1
107,3,0.4025,0.5975,80,1.731,True,False,empirical,1
107,4,0.365,0.635,80,1.731,True,False,empirical,1
107,5,0.315,0.685,80,1.731,True,False,empirical,1
108,1,0.2725,0.7275,80,6.6,True,False,exact,0
108,2,0.1725,0.8275,80,6.6,True,False,exact,1
108,3,0.2325,0.7675,80,6.6,True,False,exact,1
108,4,0.19,0.81,80,6.6,True,False,exact,1
108,5,0.18,0.82,80,6.6,True,False,exact,1
109,1,0.325,0.675,80,2.5,True,False,exact,0
109,2,0.4125,0.5875,80,2.5,True,False,exact,1
109,3,0.465,0.535,80,2.5,True,False,exact,1
109,4,0.38,0.62,80,2.5,True,False,exact,1
109,5,0.4,0.6,80,2.5,True,False,exact,1
110,1,0.56,0.56,80,-4.621,False,False,empirical,0
110,2,0.715,0.715,80,-4.621,False,False,empirical,1
110,3,0.71,0.71,80,-4.621,False,False,empirical,1
110,4,0.695,0.695,80,-4.621,False,False,empirical,1
110,5,0.7675,0.7675,80,-4.621,False,False,empirical,1
111,1,0.245,0.755,80,5.0,True,False,exact,0
111,2,0.4125,0.5875,80,5.0,True,False,exact,1
111,3,0.4125,0.5875,80,5.0,True,False,exact,1
111,4,0.4,0.6,80,5.0,True,False,exact,1
111,5,0.3875,0.6125,80,5.0,True,False,exact,1
112,1,0.51,0.49,80,1.4705,True,False,empirical,0
112,2,0.36,0.64,80,1.4705,True,False,empirical,1
112,3,0.3075,0.6925,80,1.4705,True,False,empirical,1
112,4,0.2925,0.7075,80,1.4705,True,False,empirical,1
112,5,0.26,0.74,80,1.4705,True,False,empirical,1
113,1,0.3525,0.6475,80,2.0905,True,False,empirical,0
113,2,0.3675,0.6325,80,2.0905,True,False,empirical,1
113,3,0.365,0.635,80,2.0905,True,False,empirical,1
113,4,0.375,0.625,80,2.0905,True,False,empirical,1
113,5,0.3675,0.6325,80,2.0905,True,False,empirical,1
114,1,0.4375,0.4375,80,-4.51,False,False,exact,0
114,2,0.445,0.445,80,-4.51,False,False,exact,1
114,3,0.3975,0.3975,80,-4.51,False,False,exact,1
114,4,0.415,0.415,80,-4.51,False,False,exact,1
114,5,0.3175,0.3175,80,-4.51,False,False,exact,1
115,1,0.1725,0.8275,80,11.0155,False,False,empirical,0
115,2,0.185,0.815,80,11.0155,False,False,empirical,1
115,3,0.2275,0.7725,80,11.0155,False,False,empirical,1
115,4,0.2,0.8,80,11.0155,False,False,empirical,1
115,5,0.1975,0.8025,80,11.0155,False,False,empirical,1
116,1,0.9475,0.9475,80,-2.7565,False,False,empirical,0
116,2,0.99,0.99,80,-2.7565,False,False,empirical,1
116,3,0.995,0.995,80,-2.7565,False,False,empirical,1
116,4,1.0,1.0,80,-2.7565,False,False,empirical,1
116,5,0.9975,0.9975,80,-2.7565,False,False,empirical,1
117,1,0.325,0.675,80,5.5,True,False,exact,0
117,2,0.3925,0.6075,80,5.5,True,False,exact,1
117,3,0.3625,0.6375,80,5.5,True,False,exact,1
117,4,0.345,0.655,80,5.5,True,False,exact,1
117,5,0.3425,0.6575,80,5.5,True,False,exact,1
118,1,0.465,0.465,80,-2.154,False,False,empirical,0
118,2,0.56,0.56,80,-2.154,False,False,empirical,1
118,3,0.6175,0.6175,80,-2.154,False,False,empirical,1
118,4,0.585,0.585,80,-2.154,False,False,empirical,1
118,5,0.5675,0.5675,80,-2.154,False,False,empirical,1
119,1,0.3325,0.3325,80,-2.6845,False,False,empirical,0
119,2,0.315,0.315,80,-2.6845,False,False,empirical,1
119,3,0.3425,0.3425,80,-2.6845,False,False,empirical,1
119,4,0.3425,0.3425,80,-2.6845,False,False,empirical,1
119,5,0.345,0.345,80,-2.6845,False,False,empirical,1
120,1,0.565,0.435,80,0.15,True,False,exact,0
120,2,0.4075,0.5925,80,0.15,True,False,exact,1
120,3,0.425,0.575,80,0.15,True,False,exact,1
120,4,0.4575,0.5425,80,0.15,True,False,exact,1
120,5,0.4175,0.5825,80,0.15,True,False,exact,1
121,1,0.7925,0.7925,80,-8.201,False,False,empirical,0
121,2,0.945,0.945,80,-8.201,False,False,empirical,1
121,3,0.9925,0.9925,80,-8.201,False,False,empirical,1
121,4,0.9975,0.9975,80,-8.201,False,False,empirical,1
121,5,0.9875,0.9875,80,-8.201,False,False,empirical,1
122,1,0.36,0.64,80,3.6,False,False,exact,0
122,2,0.3875,0.6125,80,3.6,False,False,exact,1
122,3,0.42,0.58,80,3.6,False,False,exact,1
122,4,0.46,0.54,80,3.6,False,False,exact,1
122,5,0.395,0.605,80,3.6,False,False,exact,1
123,1,0.735,0.735,80,-2.35,False,False,exact,0
123,2,0.64,0.64,80,-2.35,False,False,exact,1
123,3,0.655,0.655,80,-2.35,False,False,exact,1
123,4,0.6975,0.6975,80,-2.35,False,False,exact,1
123,5,0.6275,0.6275,80,-2.35,False,False,exact,1
124,1,0.8525,0.8525,80,-4.63,False,False,exact,0
124,2,0.955,0.955,80,-4.63,False,False,exact,1
124,3,0.965,0.965,80,-4.63,False,False,exact,1
124,4,0.97,0.97,80,-4.63,False,False,exact,1
124,5,0.9775,0.9775,80,-4.63,False,False,exact,1
125,1,0.2925,0.7075,80,4.4,True,False,exact,0
125,2,0.36,0.64,80,4.4,True,False,exact,1
125,3,0.325,0.675,80,4.4,True,False,exact,1
125,4,0.3275,0.6725,80,4.4,True,False,exact,1
125,5,0.36,0.64,80,4.4,True,False,exact,1
126,1,0.53,0.53,80,-12.331,False,False,empirical,0
126,2,0.515,0.515,80,-12.331,False,False,empirical,1
126,3,0.51,0.51,80,-12.331,False,False,empirical,1
126,4,0.4875,0.4875,80,-12.331,False,False,empirical,1
126,5,0.5175,0.5175,80,-12.331,False,False,empirical,1
127,1,0.2625,0.7375,80,2.6,True,True,exact,0
127,2,0.3325,0.6675,80,2.6,True,True,exact,1
127,3,0.4425,0.5575,80,2.6,True,True,exact,1
127,4,0.4625,0.5375,80,2.6,True,True,exact,1
127,5,0.44,0.56,80,2.6,True,True,exact,1
128,1,0.6375,0.6375,80,-6.2,False,False,exact,0
128,2,0.565,0.565,80,-6.2,False,False,exact,1
128,3,0.555,0.555,80,-6.2,False,False,exact,1
128,4,0.5675,0.5675,80,-6.2,False,False,exact,1
128,5,0.56,0.56,80,-6.2,False,False,exact,1
129,1,0.4625,0.4625,80,-0.0435,False,False,empirical,0
129,2,0.5325,0.5325,80,-0.0435,False,False,empirical,1
129,3,0.5075,0.5075,80,-0.0435,False,False,empirical,1
129,4,0.48,0.48,80,-0.0435,False,False,empirical,1
129,5,0.525,0.525,80,-0.0435,False,False,empirical,1
130,1,0.6125,0.3875,80,3.05,False,False,exact,0
130,2,0.5975,0.4025,80,3.05,False,False,exact,1
130,3,0.56,0.44,80,3.05,False,False,exact,1
130,4,0.5425,0.4575,80,3.05,False,False,exact,1
130,5,0.54,0.46,80,3.05,False,False,exact,1
131,1,0.185,0.815,80,6.66,True,False,exact,0
131,2,0.0875,0.9125,80,6.66,True,False,exact,1
131,3,0.08,0.92,80,6.66,True,False,exact,1
131,4,0.0825,0.9175,80,6.66,True,False,exact,1
131,5,0.0625,0.9375,80,6.66,True,False,exact,1
132,1,0.81,0.81,80,-8.8695,False,False,empirical,0
132,2,0.94,0.94,80,-8.8695,False,False,empirical,1
132,3,0.965,0.965,80,-8.8695,False,False,empirical,1
132,4,0.97,0.97,80,-8.8695,False,False,empirical,1
132,5,0.9775,0.9775,80,-8.8695,False,False,empirical,1
133,1,0.705,0.705,80,-4.8105,False,False,empirical,0
133,2,0.905,0.905,80,-4.8105,False,False,empirical,1
133,3,0.92,0.92,80,-4.8105,False,False,empirical,1
133,4,0.9175,0.9175,80,-4.8105,False,False,empirical,1
133,5,0.9375,0.9375,80,-4.8105,False,False,empirical,1
134,1,0.3425,0.6575,80,3.3305,True,False,empirical,0
134,2,0.335,0.665,80,3.3305,True,False,empirical,1
134,3,0.375,0.625,80,3.3305,True,False,empirical,1
134,4,0.38,0.62,80,3.3305,True,False,empirical,1
134,5,0.37,0.63,80,3.3305,True,False,empirical,1
135,1,0.245,0.755,80,2.5,True,False,exact,0
135,2,0.3175,0.6825,80,2.5,True,False,exact,1
135,3,0.305,0.695,80,2.5,True,False,exact,1
135,4,0.29,0.71,80,2.5,True,False,exact,1
135,5,0.285,0.715,80,2.5,True,False,exact,1
136,1,0.155,0.845,80,8.7,True,False,exact,0
136,2,0.07,0.93,80,8.7,True,False,exact,1
136,3,0.0725,0.9275,80,8.7,True,False,exact,1
136,4,0.045,0.955,80,8.7,True,False,exact,1
136,5,0.045,0.955,80,8.7,True,False,exact,1
137,1,0.73,0.73,80,-0.394,False,True,empirical,0
137,2,0.8625,0.8625,80,-0.394,False,True,empirical,1
137,3,0.895,0.895,80,-0.394,False,True,empirical,1
137,4,0.9025,0.9025,80,-0.394,False,True,empirical,1
137,5,0.8975,0.8975,80,-0.394,False,True,empirical,1
138,1,0.1325,0.8675,80,3.0,False,False,exact,0
138,2,0.065,0.935,80,3.0,False,False,exact,1
138,3,0.0075,0.9925,80,3.0,False,False,exact,1
138,4,0.0175,0.9825,80,3.0,False,False,exact,1
138,5,0.015,0.985,80,3.0,False,False,exact,1
139,1,0.48,0.48,80,-3.424,False,False,empirical,0
139,2,0.6675,0.6675,80,-3.424,False,False,empirical,1
139,3,0.7,0.7,80,-3.424,False,False,empirical,1
139,4,0.6375,0.6375,80,-3.424,False,False,empirical,1
139,5,0.6475,0.6475,80,-3.424,False,False,empirical,1
140,1,0.91,0.91,80,-10.25,False,False,exact,0
140,2,0.98,0.98,80,-10.25,False,False,exact,1
140,3,0.98,0.98,80,-10.25,False,False,exact,1
140,4,0.985,0.985,80,-10.25,False,False,exact,1
140,5,0.98,0.98,80,-10.25,False,False,exact,1
141,1,0.7725,0.2275,80,0.2,False,False,exact,0
141,2,0.695,0.305,80,0.2,False,False,exact,1
141,3,0.615,0.385,80,0.2,False,False,exact,1
141,4,0.6025,0.3975,80,0.2,False,False,exact,1
141,5,0.62,0.38,80,0.2,False,False,exact,1
142,1,0.2975,0.7025,80,1.4,True,False,exact,0
142,2,0.44,0.56,80,1.4,True,False,exact,1
142,3,0.4275,0.5725,80,1.4,True,False,exact,1
142,4,0.51,0.49,80,1.4,True,False,exact,1
142,5,0.5375,0.4625,80,1.4,True,False,exact,1
143,1,0.525,0.475,80,2.0,True,False,exact,0
143,2,0.5775,0.4225,80,2.0,True,False,exact,1
143,3,0.5425,0.4575,80,2.0,True,False,exact,1
143,4,0.595,0.405,80,2.0,True,False,exact,1
143,5,0.6325,0.3675,80,2.0,True,False,exact,1
144,1,0.4175,0.5825,80,0.2085,True,False,empirical,0
144,2,0.495,0.505,80,0.2085,True,False,empirical,1
144,3,0.435,0.565,80,0.2085,True,False,empirical,1
144,4,0.415,0.585,80,0.2085,True,False,empirical,1
144,5,0.42,0.58,80,0.2085,True,False,empirical,1
145,1,0.415,0.585,80,2.1535,False,False,empirical,0
145,2,0.425,0.575,80,2.1535,False,False,empirical,1
145,3,0.4175,0.5825,80,2.1535,False,False,empirical,1
145,4,0.3375,0.6625,80,2.1535,False,False,empirical,1
145,5,0.34,0.66,80,2.1535,False,False,empirical,1
146,1,0.785,0.785,80,-5.12,False,False,empirical,0
146,2,0.8225,0.8225,80,-5.12,False,False,empirical,1
146,3,0.8375,0.8375,80,-5.12,False,False,empirical,1
146,4,0.8675,0.8675,80,-5.12,False,False,empirical,1
146,5,0.835,0.835,80,-5.12,False,False,empirical,1
147,1,0.88,0.88,80,-3.429,False,False,empirical,0
147,2,0.9625,0.9625,80,-3.429,False,False,empirical,1
147,3,0.9875,0.9875,80,-3.429,False,False,empirical,1
147,4,0.98,0.98,80,-3.429,False,False,empirical,1
147,5,0.9675,0.9675,80,-3.429,False,False,empirical,1
148,1,0.73,0.73,80,-1.45,True,True,exact,0
148,2,0.81,0.81,80,-1.45,True,True,exact,1
148,3,0.8175,0.8175,80,-1.45,True,True,exact,1
148,4,0.8425,0.8425,80,-1.45,True,True,exact,1
148,5,0.8525,0.8525,80,-1.45,True,True,exact,1
149,1,0.8575,0.8575,80,-2.0825,False,False,empirical,0
149,2,0.9,0.9,80,-2.0825,False,False,empirical,1
149,3,0.92,0.92,80,-2.0825,False,False,empirical,1
149,4,0.91,0.91,80,-2.0825,False,False,empirical,1
149,5,0.94,0.94,80,-2.0825,False,False,empirical,1
150,1,0.3525,0.6475,80,3.418,True,False,empirical,0
150,2,0.25,0.75,80,3.418,True,False,empirical,1
150,3,0.215,0.785,80,3.418,True,False,empirical,1
150,4,0.185,0.815,80,3.418,True,False,empirical,1
150,5,0.17,0.83,80,3.418,True,False,empirical,1
151,1,0.6716666666666666,0.6716666666666666,120,-6.022,True,False,empirical,0
151,2,0.5033333333333333,0.5033333333333333,120,-6.022,True,False,empirical,1
151,3,0.44666666666666666,0.44666666666666666,120,-6.022,True,False,empirical,1
151,4,0.45666666666666667,0.45666666666666667,120,-6.022,True,False,empirical,1
151,5,0.465,0.465,120,-6.022,True,False,empirical,1
152,1,0.785,0.785,120,-4.84,True,False,empirical,0
152,2,0.7983333333333333,0.7983333333333333,120,-4.84,True,False,empirical,1
152,3,0.7783333333333333,0.7783333333333333,120,-4.84,True,False,empirical,1
152,4,0.79,0.79,120,-4.84,True,False,empirical,1
152,5,0.7866666666666666,0.7866666666666666,120,-4.84,True,False,empirical,1
153,1,0.365,0.635,120,4.376667,False,False,empirical,0
153,2,0.30833333333333335,0.6916666666666667,120,4.376667,False,False,empirical,1
153,3,0.3566666666666667,0.6433333333333333,120,4.376667,False,False,empirical,1
153,4,0.35833333333333334,0.6416666666666667,120,4.376667,False,False,empirical,1
153,5,0.38166666666666665,0.6183333333333333,120,4.376667,False,False,empirical,1
154,1,0.6566666666666666,0.3433333333333333,120,4.381667,True,True,empirical,0
154,2,0.5766666666666667,0.42333333333333334,120,4.381667,True,True,empirical,1
154,3,0.4266666666666667,0.5733333333333334,120,4.381667,True,True,empirical,1
154,4,0.3933333333333333,0.6066666666666667,120,4.381667,True,True,empirical,1
154,5,0.335,0.665,120,4.381667,True,True,empirical,1
155,1,0.03,0.97,120,10.930333,True,False,empirical,0
155,2,0.011666666666666667,0.9883333333333333,120,10.930333,True,False,empirical,1
155,3,0.008333333333333333,0.9916666666666667,120,10.930333,True,False,empirical,1
155,4,0.0033333333333333335,0.9966666666666667,120,10.930333,True,False,empirical,1
155,5,0.0033333333333333335,0.9966666666666667,120,10.930333,True,False,empirical,1
156,1,0.9016666666666666,0.9016666666666666,120,-0.389667,False,False,empirical,0
156,2,0.9433333333333334,0.9433333333333334,120,-0.389667,False,False,empirical,1
156,3,0.9533333333333334,0.9533333333333334,120,-0.389667,False,False,empirical,1
156,4,0.97,0.97,120,-0.389667,False,False,empirical,1
156,5,0.9666666666666667,0.9666666666666667,120,-0.389667,False,False,empirical,1
157,1,0.9116666666666666,0.9116666666666666,120,-7.5,False,False,exact,0
157,2,0.9266666666666666,0.9266666666666666,120,-7.5,False,False,exact,1
157,3,0.9,0.9,120,-7.5,False,False,exact,1
157,4,0.8966666666666666,0.8966666666666666,120,-7.5,False,False,exact,1
157,5,0.9016666666666666,0.9016666666666666,120,-7.5,False,False,exact,1
158,1,0.5166666666666667,0.48333333333333334,120,0.664667,True,False,empirical,0
158,2,0.54,0.46,120,0.664667,True,False,empirical,1
158,3,0.6083333333333333,0.39166666666666666,120,0.664667,True,False,empirical,1
158,4,0.6016666666666667,0.3983333333333333,120,0.664667,True,False,empirical,1
158,5,0.605,0.395,120,0.664667,True,False,empirical,1
159,1,0.9066666666666666,0.9066666666666666,120,-5.8,False,False,exact,0
159,2,0.9616666666666667,0.9616666666666667,120,-5.8,False,False,exact,1
159,3,0.9866666666666667,0.9866666666666667,120,-5.8,False,False,exact,1
159,4,0.9916666666666667,0.9916666666666667,120,-5.8,False,False,exact,1
159,5,0.9916666666666667,0.9916666666666667,120,-5.8,False,False,exact,1
160,1,0.7883333333333333,0.7883333333333333,120,-8.7,True,False,exact,0
160,2,0.8366666666666667,0.8366666666666667,120,-8.7,True,False,exact,1
160,3,0.8116666666666666,0.8116666666666666,120,-8.7,True,False,exact,1
160,4,0.8366666666666667,0.8366666666666667,120,-8.7,True,False,exact,1
160,5,0.8466666666666667,0.8466666666666667,120,-8.7,True,False,exact,1
161,1,0.175,0.825,120,1.705333,False,False,empirical,0
161,2,0.20666666666666667,0.7933333333333333,120,1.705333,False,False,empirical,1
161,3,0.22333333333333333,0.7766666666666666,120,1.705333,False,False,empirical,1
161,4,0.23666666666666666,0.7633333333333333,120,1.705333,False,False,empirical,1
161,5,0.2866666666666667,0.7133333333333334,120,1.705333,False,False,empirical,1
162,1,0.5466666666666666,0.5466666666666666,120,-1.0,False,False,exact,0
162,2,0.5133333333333333,0.5133333333333333,120,-1.0,False,False,exact,1
162,3,0.585,0.585,120,-1.0,False,False,exact,1
162,4,0.5666666666666667,0.5666666666666667,120,-1.0,False,False,exact,1
162,5,0.5616666666666666,0.5616666666666666,120,-1.0,False,False,exact,1
163,1,0.10166666666666667,0.8983333333333333,120,8.4,True,False,exact,0
163,2,0.12,0.88,120,8.4,True,False,exact,1
163,3,0.11833333333333333,0.8816666666666667,120,8.4,True,False,exact,1
163,4,0.11833333333333333,0.8816666666666667,120,8.4,True,False,exact,1
163,5,0.10666666666666667,0.8933333333333333,120,8.4,True,False,exact,1
164,1,0.10666666666666667,0.8933333333333333,120,4.56,True,False,exact,0
164,2,0.11,0.89,120,4.56,True,False,exact,1
164,3,0.12333333333333334,0.8766666666666667,120,4.56,True,False,exact,1
164,4,0.11,0.89,120,4.56,True,False,exact,1
164,5,0.105,0.895,120,4.56,True,False,exact,1
165,1,0.8966666666666666,0.8966666666666666,120,-10.810333,False,False,empirical,0
165,2,0.8683333333333333,0.8683333333333333,120,-10.810333,False,False,empirical,1
165,3,0.8433333333333334,0.8433333333333334,120,-10.810333,False,False,empirical,1
165,4,0.8616666666666667,0.8616666666666667,120,-10.810333,False,False,empirical,1
165,5,0.8233333333333334,0.8233333333333334,120,-10.810333,False,False,empirical,1
166,1,0.91,0.91,120,-11.0,False,False,exact,0
166,2,0.9316666666666666,0.9316666666666666,120,-11.0,False,False,exact,1
166,3,0.895,0.895,120,-11.0,False,False,exact,1
166,4,0.9066666666666666,0.9066666666666666,120,-11.0,False,False,exact,1
166,5,0.9283333333333333,0.9283333333333333,120,-11.0,False,False,exact,1
167,1,0.05333333333333334,0.9466666666666667,120,1.8,False,False,exact,0
167,2,0.021666666666666667,0.9783333333333334,120,1.8,False,False,exact,1
167,3,0.005,0.995,120,1.8,False,False,exact,1
167,4,0.005,0.995,120,1.8,False,False,exact,1
167,5,0.005,0.995,120,1.8,False,False,exact,1
168,1,0.24666666666666667,0.7533333333333333,120,2.051,True,False,empirical,0
168,2,0.36666666666666664,0.6333333333333333,120,2.051,True,False,empirical,1
168,3,0.41333333333333333,0.5866666666666667,120,2.051,True,False,empirical,1
168,4,0.38166666666666665,0.6183333333333333,120,2.051,True,False,empirical,1
168,5,0.35833333333333334,0.6416666666666667,120,2.051,True,False,empirical,1
169,1,0.88,0.88,120,-5.269333,True,True,empirical,0
169,2,0.9133333333333333,0.9133333333333333,120,-5.269333,True,True,empirical,1
169,3,0.905,0.905,120,-5.269333,True,True,empirical,1
169,4,0.875,0.875,120,-5.269333,True,True,empirical,1
169,5,0.8766666666666667,0.8766666666666667,120,-5.269333,True,True,empirical,1
170,1,0.06833333333333333,0.9316666666666666,120,4.13,False,False,empirical,0
170,2,0.06166666666666667,0.9383333333333334,120,4.13,False,False,empirical,1
170,3,0.10666666666666667,0.8933333333333333,120,4.13,False,False,empirical,1
170,4,0.10666666666666667,0.8933333333333333,120,4.13,False,False,empirical,1
170,5,0.095,0.905,120,4.13,False,False,empirical,1
171,1,0.5816666666666667,0.41833333333333333,120,0.750667,True,False,empirical,0
171,2,0.56,0.44,120,0.750667,True,False,empirical,1
171,3,0.535,0.465,120,0.750667,True,False,empirical,1
171,4,0.4166666666666667,0.5833333333333334,120,0.750667,True,False,empirical,1
171,5,0.3883333333333333,0.6116666666666667,120,0.750667,True,False,empirical,1
172,1,0.18833333333333332,0.8116666666666666,120,5.0,True,False,exact,0
172,2,0.28833333333333333,0.7116666666666667,120,5.0,True,False,exact,1
172,3,0.30333333333333334,0.6966666666666667,120,5.0,True,False,exact,1
172,4,0.31166666666666665,0.6883333333333334,120,5.0,True,False,exact,1
172,5,0.3333333333333333,0.6666666666666666,120,5.0,True,False,exact,1
173,1,0.6116666666666667,0.3883333333333333,120,0.544,False,False,empirical,0
173,2,0.495,0.505,120,0.544,False,False,empirical,1
173,3,0.485,0.515,120,0.544,False,False,empirical,1
173,4,0.5216666666666666,0.47833333333333333,120,0.544,False,False,empirical,1
173,5,0.49333333333333335,0.5066666666666667,120,0.544,False,False,empirical,1
174,1,0.5033333333333333,0.49666666666666665,120,13.194333,False,False,empirical,0
174,2,0.37666666666666665,0.6233333333333333,120,13.194333,False,False,empirical,1
174,3,0.36,0.64,120,13.194333,False,False,empirical,1
174,4,0.3283333333333333,0.6716666666666666,120,13.194333,False,False,empirical,1
174,5,0.3,0.7,120,13.194333,False,False,empirical,1
175,1,0.31333333333333335,0.6866666666666666,120,2.514333,True,False,empirical,0
175,2,0.43833333333333335,0.5616666666666666,120,2.514333,True,False,empirical,1
175,3,0.49166666666666664,0.5083333333333333,120,2.514333,True,False,empirical,1
175,4,0.5016666666666667,0.49833333333333335,120,2.514333,True,False,empirical,1
175,5,0.44166666666666665,0.5583333333333333,120,2.514333,True,False,empirical,1
176,1,0.8616666666666667,0.8616666666666667,120,-11.0,False,True,exact,0
176,2,0.9733333333333334,0.9733333333333334,120,-11.0,False,True,exact,1
176,3,0.9983333333333333,0.9983333333333333,120,-11.0,False,True,exact,1
176,4,0.9983333333333333,0.9983333333333333,120,-11.0,False,True,exact,1
176,5,0.9983333333333333,0.9983333333333333,120,-11.0,False,True,exact,1
177,1,0.56,0.44,120,3.917667,True,True,empirical,0
177,2,0.5283333333333333,0.4716666666666667,120,3.917667,True,True,empirical,1
177,3,0.4766666666666667,0.5233333333333333,120,3.917667,True,True,empirical,1
177,4,0.415,0.585,120,3.917667,True,True,empirical,1
177,5,0.38666666666666666,0.6133333333333333,120,3.917667,True,True,empirical,1
178,1,0.8183333333333334,0.8183333333333334,120,-1.880667,True,False,empirical,0
178,2,0.7416666666666667,0.7416666666666667,120,-1.880667,True,False,empirical,1
178,3,0.66,0.66,120,-1.880667,True,False,empirical,1
178,4,0.645,0.645,120,-1.880667,True,False,empirical,1
178,5,0.6483333333333333,0.6483333333333333,120,-1.880667,True,False,empirical,1
179,1,0.825,0.825,120,-4.015,False,False,empirical,0
179,2,0.7516666666666667,0.7516666666666667,120,-4.015,False,False,empirical,1
179,3,0.685,0.685,120,-4.015,False,False,empirical,1
179,4,0.6966666666666667,0.6966666666666667,120,-4.015,False,False,empirical,1
179,5,0.7066666666666667,0.7066666666666667,120,-4.015,False,False,empirical,1
180,1,0.28833333333333333,0.7116666666666667,120,13.265667,False,True,empirical,0
180,2,0.2833333333333333,0.7166666666666667,120,13.265667,False,True,empirical,1
180,3,0.215,0.785,120,13.265667,False,True,empirical,1
180,4,0.20166666666666666,0.7983333333333333,120,13.265667,False,True,empirical,1
180,5,0.19,0.81,120,13.265667,False,True,empirical,1
181,1,0.5716666666666667,0.5716666666666667,120,-6.496667,False,False,empirical,0
181,2,0.53,0.53,120,-6.496667,False,False,empirical,1
181,3,0.4583333333333333,0.4583333333333333,120,-6.496667,False,False,empirical,1
181,4,0.42833333333333334,0.42833333333333334,120,-6.496667,False,False,empirical,1
181,5,0.4583333333333333,0.4583333333333333,120,-6.496667,False,False,empirical,1
182,1,0.043333333333333335,0.9566666666666667,120,2.9,False,False,exact,0
182,2,0.021666666666666667,0.9783333333333334,120,2.9,False,False,exact,1
182,3,0.006666666666666667,0.9933333333333333,120,2.9,False,False,exact,1
182,4,0.005,0.995,120,2.9,False,False,exact,1
182,5,0.006666666666666667,0.9933333333333333,120,2.9,False,False,exact,1
183,1,0.9233333333333333,0.9233333333333333,120,-1.770667,False,False,empirical,0
183,2,0.9166666666666666,0.9166666666666666,120,-1.770667,False,False,empirical,1
183,3,0.8816666666666667,0.8816666666666667,120,-1.770667,False,False,empirical,1
183,4,0.8683333333333333,0.8683333333333333,120,-1.770667,False,False,empirical,1
183,5,0.8566666666666667,0.8566666666666667,120,-1.770667,False,False,empirical,1
184,1,0.25833333333333336,0.7416666666666667,120,1.826333,True,False,empirical,0
184,2,0.31,0.69,120,1.826333,True,False,empirical,1
184,3,0.3233333333333333,0.6766666666666666,120,1.826333,True,False,empirical,1
184,4,0.33666666666666667,0.6633333333333333,120,1.826333,True,False,empirical,1
184,5,0.30666666666666664,0.6933333333333334,120,1.826333,True,False,empirical,1
185,1,0.7766666666666666,0.7766666666666666,120,-10.63,False,False,exact,0
185,2,0.9033333333333333,0.9033333333333333,120,-10.63,False,False,exact,1
185,3,0.93,0.93,120,-10.63,False,False,exact,1
185,4,0.9416666666666667,0.9416666666666667,120,-10.63,False,False,exact,1
185,5,0.9583333333333334,0.9583333333333334,120,-10.63,False,False,exact,1
186,1,0.265,0.735,120,4.8,True,False,exact,0
186,2,0.23833333333333334,0.7616666666666667,120,4.8,True,False,exact,1
186,3,0.265,0.735,120,4.8,True,False,exact,1
186,4,0.2733333333333333,0.7266666666666667,120,4.8,True,False,exact,1
186,5,0.26,0.74,120,4.8,True,False,exact,1
187,1,0.25,0.75,120,4.4,True,False,exact,0
187,2,0.21333333333333335,0.7866666666666666,120,4.4,True,False,exact,1
187,3,0.25833333333333336,0.7416666666666667,120,4.4,True,False,exact,1
187,4,0.25166666666666665,0.7483333333333333,120,4.4,True,False,exact,1
187,5,0.22833333333333333,0.7716666666666666,120,4.4,True,False,exact,1
188,1,0.84,0.84,120,-2.01,False,False,empirical,0
188,2,0.9416666666666667,0.9416666666666667,120,-2.01,False,False,empirical,1
188,3,0.9833333333333333,0.9833333333333333,120,-2.01,False,False,empirical,1
188,4,0.9883333333333333,0.9883333333333333,120,-2.01,False,False,empirical,1
188,5,0.9916666666666667,0.9916666666666667,120,-2.01,False,False,empirical,1
189,1,0.16333333333333333,0.8366666666666667,120,4.75,True,False,exact,0
189,2,0.2783333333333333,0.7216666666666667,120,4.75,True,False,exact,1
189,3,0.2733333333333333,0.7266666666666667,120,4.75,True,False,exact,1
189,4,0.25166666666666665,0.7483333333333333,120,4.75,True,False,exact,1
189,5,0.25666666666666665,0.7433333333333333,120,4.75,True,False,exact,1
190,1,0.13333333333333333,0.8666666666666667,120,5.2,True,False,exact,0
190,2,0.195,0.805,120,5.2,True,False,exact,1
190,3,0.20166666666666666,0.7983333333333333,120,5.2,True,False,exact,1
190,4,0.19833333333333333,0.8016666666666666,120,5.2,True,False,exact,1
190,5,0.2,0.8,120,5.2,True,False,exact,1
191,1,0.04833333333333333,0.9516666666666667,120,6.4,False,False,exact,0
191,2,0.021666666666666667,0.9783333333333334,120,6.4,False,False,exact,1
191,3,0.008333333333333333,0.9916666666666667,120,6.4,False,False,exact,1
191,4,0.0,1.0,120,6.4,False,False,exact,1
191,5,0.006666666666666667,0.9933333333333333,120,6.4,False,False,exact,1
192,1,0.15833333333333333,0.8416666666666667,120,5.45,True,False,exact,0
192,2,0.12333333333333334,0.8766666666666667,120,5.45,True,False,exact,1
192,3,0.12333333333333334,0.8766666666666667,120,5.45,True,False,exact,1
192,4,0.13333333333333333,0.8666666666666667,120,5.45,True,False,exact,1
192,5,0.12833333333333333,0.8716666666666667,120,5.45,True,False,exact,1
193,1,0.49,0.51,120,3.135667,True,False,empirical,0
193,2,0.4116666666666667,0.5883333333333334,120,3.135667,True,False,empirical,1
193,3,0.3566666666666667,0.6433333333333333,120,3.135667,True,False,empirical,1
193,4,0.3433333333333333,0.6566666666666666,120,3.135667,True,False,empirical,1
193,5,0.3233333333333333,0.6766666666666666,120,3.135667,True,False,empirical,1
194,1,0.4483333333333333,0.5516666666666666,120,9.56,True,True,exact,0
194,2,0.3516666666666667,0.6483333333333333,120,9.56,True,True,exact,1
194,3,0.215,0.785,120,9.56,True,True,exact,1
194,4,0.135,0.865,120,9.56,True,True,exact,1
194,5,0.11,0.89,120,9.56,True,True,exact,1
195,1,0.6766666666666666,0.3233333333333333,120,0.085667,True,False,empirical,0
195,2,0.62,0.38,120,0.085667,True,False,empirical,1
195,3,0.6033333333333334,0.39666666666666667,120,0.085667,True,False,empirical,1
195,4,0.57,0.43,120,0.085667,True,False,empirical,1
195,5,0.5616666666666666,0.43833333333333335,120,0.085667,True,False,empirical,1
196,1,0.15666666666666668,0.8433333333333334,120,4.0,True,True,exact,0
196,2,0.23166666666666666,0.7683333333333333,120,4.0,True,True,exact,1
196,3,0.44,0.56,120,4.0,True,True,exact,1
196,4,0.4266666666666667,0.5733333333333334,120,4.0,True,True,exact,1
196,5,0.4266666666666667,0.5733333333333334,120,4.0,True,True,exact,1
197,1,0.37166666666666665,0.37166666666666665,120,-1.554,False,False,empirical,0
197,2,0.545,0.545,120,-1.554,False,False,empirical,1
197,3,0.625,0.625,120,-1.554,False,False,empirical,1
197,4,0.6383333333333333,0.6383333333333333,120,-1.554,False,False,empirical,1
197,5,0.64,0.64,120,-1.554,False,False,empirical,1
198,1,0.6766666666666666,0.3233333333333333,120,6.2,True,True,exact,0
198,2,0.495,0.505,120,6.2,True,True,exact,1
198,3,0.3933333333333333,0.6066666666666667,120,6.2,True,True,exact,1
198,4,0.37,0.63,120,6.2,True,True,exact,1
198,5,0.35,0.65,120,6.2,True,True,exact,1
199,1,0.43666666666666665,0.5633333333333334,120,11.635333,False,False,empirical,0
199,2,0.37833333333333335,0.6216666666666667,120,11.635333,False,False,empirical,1
199,3,0.355,0.645,120,11.635333,False,False,empirical,1
199,4,0.32166666666666666,0.6783333333333333,120,11.635333,False,False,empirical,1
199,5,0.35,0.65,120,11.635333,False,False,empirical,1
200,1,0.37833333333333335,0.37833333333333335,120,-2.0,False,False,exact,0
200,2,0.54,0.54,120,-2.0,False,False,exact,1
200,3,0.5566666666666666,0.5566666666666666,120,-2.0,False,False,exact,1
200,4,0.5483333333333333,0.5483333333333333,120,-2.0,False,False,exact,1
200,5,0.56,0.56,120,-2.0,False,False,exact,1
201,1,0.43166666666666664,0.43166666666666664,120,-0.003333,False,False,empirical,0
201,2,0.5133333333333333,0.5133333333333333,120,-0.003333,False,False,empirical,1
201,3,0.52,0.52,120,-0.003333,False,False,empirical,1
201,4,0.4716666666666667,0.4716666666666667,120,-0.003333,False,False,empirical,1
201,5,0.3983333333333333,0.3983333333333333,120,-0.003333,False,False,empirical,1
202,1,0.585,0.585,120,-1.25,True,False,exact,0
202,2,0.6366666666666667,0.6366666666666667,120,-1.25,True,False,exact,1
202,3,0.6616666666666666,0.6616666666666666,120,-1.25,True,False,exact,1
202,4,0.6166666666666667,0.6166666666666667,120,-1.25,True,False,exact,1
202,5,0.5966666666666667,0.5966666666666667,120,-1.25,True,False,exact,1
203,1,0.45166666666666666,0.5483333333333333,120,2.772333,False,False,empirical,0
203,2,0.45666666666666667,0.5433333333333333,120,2.772333,False,False,empirical,1
203,3,0.46,0.54,120,2.772333,False,False,empirical,1
203,4,0.445,0.555,120,2.772333,False,False,empirical,1
203,5,0.42833333333333334,0.5716666666666667,120,2.772333,False,False,empirical,1
204,1,0.64,0.64,120,-1.0,False,True,exact,0
204,2,0.5283333333333333,0.5283333333333333,120,-1.0,False,True,exact,1
204,3,0.4483333333333333,0.4483333333333333,120,-1.0,False,True,exact,1
204,4,0.4166666666666667,0.4166666666666667,120,-1.0,False,True,exact,1
204,5,0.365,0.365,120,-1.0,False,True,exact,1
205,1,0.415,0.585,120,0.92,False,False,empirical,0
205,2,0.485,0.515,120,0.92,False,False,empirical,1
205,3,0.5,0.5,120,0.92,False,False,empirical,1
205,4,0.48833333333333334,0.5116666666666667,120,0.92,False,False,empirical,1
205,5,0.4666666666666667,0.5333333333333333,120,0.92,False,False,empirical,1
206,1,0.6733333333333333,0.6733333333333333,120,-0.550333,True,False,empirical,0
206,2,0.715,0.715,120,-0.550333,True,False,empirical,1
206,3,0.6916666666666667,0.6916666666666667,120,-0.550333,True,False,empirical,1
206,4,0.6533333333333333,0.6533333333333333,120,-0.550333,True,False,empirical,1
206,5,0.675,0.675,120,-0.550333,True,False,empirical,1
207,1,0.6683333333333333,0.33166666666666667,120,1.78,False,False,exact,0
207,2,0.48833333333333334,0.5116666666666667,120,1.78,False,False,exact,1
207,3,0.41333333333333333,0.5866666666666667,120,1.78,False,False,exact,1
207,4,0.4083333333333333,0.5916666666666667,120,1.78,False,False,exact,1
207,5,0.4216666666666667,0.5783333333333334,120,1.78,False,False,exact,1
208,1,0.2733333333333333,0.2733333333333333,120,-1.186333,False,False,empirical,0
208,2,0.30833333333333335,0.30833333333333335,120,-1.186333,False,False,empirical,1
208,3,0.3516666666666667,0.3516666666666667,120,-1.186333,False,False,empirical,1
208,4,0.3333333333333333,0.3333333333333333,120,-1.186333,False,False,empirical,1
208,5,0.365,0.365,120,-1.186333,False,False,empirical,1
209,1,0.795,0.795,120,-7.800667,True,False,empirical,0
209,2,0.765,0.765,120,-7.800667,True,False,empirical,1
209,3,0.7366666666666667,0.7366666666666667,120,-7.800667,True,False,empirical,1
209,4,0.7116666666666667,0.7116666666666667,120,-7.800667,True,False,empirical,1
209,5,0.715,0.715,120,-7.800667,True,False,empirical,1
210,1,0.645,0.645,120,-0.737333,False,False,empirical,0
210,2,0.5816666666666667,0.5816666666666667,120,-0.737333,False,False,empirical,1
210,3,0.49833333333333335,0.49833333333333335,120,-0.737333,False,False,empirical,1
210,4,0.475,0.475,120,-0.737333,False,False,empirical,1
210,5,0.49,0.49,120,-0.737333,False,False,empirical,1
211,1,0.43166666666666664,0.5683333333333334,120,2.492333,False,False,empirical,0
211,2,0.435,0.565,120,2.492333,False,False,empirical,1
211,3,0.4033333333333333,0.5966666666666667,120,2.492333,False,False,empirical,1
211,4,0.35833333333333334,0.6416666666666667,120,2.492333,False,False,empirical,1
211,5,0.3283333333333333,0.6716666666666666,120,2.492333,False,False,empirical,1
212,1,0.75,0.75,120,-2.736667,False,False,empirical,0
212,2,0.8683333333333333,0.8683333333333333,120,-2.736667,False,False,empirical,1
212,3,0.9283333333333333,0.9283333333333333,120,-2.736667,False,False,empirical,1
212,4,0.9266666666666666,0.9266666666666666,120,-2.736667,False,False,empirical,1
212,5,0.9483333333333334,0.9483333333333334,120,-2.736667,False,False,empirical,1
213,1,0.93,0.93,120,-1.3,False,True,exact,0
213,2,0.9483333333333334,0.9483333333333334,120,-1.3,False,True,exact,1
213,3,0.9533333333333334,0.9533333333333334,120,-1.3,False,True,exact,1
213,4,0.95,0.95,120,-1.3,False,True,exact,1
213,5,0.9716666666666667,0.9716666666666667,120,-1.3,False,True,exact,1
214,1,0.175,0.825,120,4.2,True,False,exact,0
214,2,0.145,0.855,120,4.2,True,False,exact,1
214,3,0.18333333333333332,0.8166666666666667,120,4.2,True,False,exact,1
214,4,0.17,0.83,120,4.2,True,False,exact,1
214,5,0.16166666666666665,0.8383333333333334,120,4.2,True,False,exact,1
215,1,0.13166666666666665,0.8683333333333333,120,6.130667,False,False,empirical,0
215,2,0.09833333333333333,0.9016666666666666,120,6.130667,False,False,empirical,1
215,3,0.12166666666666667,0.8783333333333333,120,6.130667,False,False,empirical,1
215,4,0.09666666666666666,0.9033333333333333,120,6.130667,False,False,empirical,1
215,5,0.10666666666666667,0.8933333333333333,120,6.130667,False,False,empirical,1
216,1,0.41333333333333333,0.41333333333333333,120,-0.244,True,False,empirical,0
216,2,0.45666666666666667,0.45666666666666667,120,-0.244,True,False,empirical,1
216,3,0.5166666666666667,0.5166666666666667,120,-0.244,True,False,empirical,1
216,4,0.53,0.53,120,-0.244,True,False,empirical,1
216,5,0.5516666666666666,0.5516666666666666,120,-0.244,True,False,empirical,1
217,1,0.40166666666666667,0.5983333333333334,120,2.834333,True,False,empirical,0
217,2,0.33666666666666667,0.6633333333333333,120,2.834333,True,False,empirical,1
217,3,0.33666666666666667,0.6633333333333333,120,2.834333,True,False,empirical,1
217,4,0.30833333333333335,0.6916666666666667,120,2.834333,True,False,empirical,1
217,5,0.275,0.725,120,2.834333,True,False,empirical,1
218,1,0.19166666666666668,0.8083333333333333,120,5.8,True,False,exact,0
218,2,0.17333333333333334,0.8266666666666667,120,5.8,True,False,exact,1
218,3,0.21666666666666667,0.7833333333333333,120,5.8,True,False,exact,1
218,4,0.20833333333333334,0.7916666666666666,120,5.8,True,False,exact,1
218,5,0.17166666666666666,0.8283333333333334,120,5.8,True,False,exact,1
219,1,0.59,0.41,120,0.854667,True,False,empirical,0
219,2,0.5116666666666667,0.48833333333333334,120,0.854667,True,False,empirical,1
219,3,0.46,0.54,120,0.854667,True,False,empirical,1
219,4,0.4533333333333333,0.5466666666666666,120,0.854667,True,False,empirical,1
219,5,0.43,0.57,120,0.854667,True,False,empirical,1
220,1,0.49,0.51,120,0.680667,True,False,empirical,0
220,2,0.49,0.51,120,0.680667,True,False,empirical,1
220,3,0.485,0.515,120,0.680667,True,False,empirical,1
220,4,0.45666666666666667,0.5433333333333333,120,0.680667,True,False,empirical,1
220,5,0.47,0.53,120,0.680667,True,False,empirical,1
221,1,0.7233333333333334,0.27666666666666667,120,2.91,True,False,empirical,0
221,2,0.7016666666666667,0.29833333333333334,120,2.91,True,False,empirical,1
221,3,0.6583333333333333,0.3416666666666667,120,2.91,True,False,empirical,1
221,4,0.6333333333333333,0.36666666666666664,120,2.91,True,False,empirical,1
221,5,0.6266666666666667,0.37333333333333335,120,2.91,True,False,empirical,1
222,1,0.3,0.7,120,5.835333,False,False,empirical,0
222,2,0.31,0.69,120,5.835333,False,False,empirical,1
222,3,0.34833333333333333,0.6516666666666666,120,5.835333,False,False,empirical,1
222,4,0.30666666666666664,0.6933333333333334,120,5.835333,False,False,empirical,1
222,5,0.32166666666666666,0.6783333333333333,120,5.835333,False,False,empirical,1
223,1,0.14333333333333334,0.8566666666666667,120,3.31,True,False,exact,0
223,2,0.10666666666666667,0.8933333333333333,120,3.31,True,False,exact,1
223,3,0.13833333333333334,0.8616666666666667,120,3.31,True,False,exact,1
223,4,0.13166666666666665,0.8683333333333333,120,3.31,True,False,exact,1
223,5,0.12166666666666667,0.8783333333333333,120,3.31,True,False,exact,1
224,1,0.6483333333333333,0.3516666666666667,120,1.4,False,False,exact,0
224,2,0.5883333333333334,0.4116666666666667,120,1.4,False,False,exact,1
224,3,0.545,0.455,120,1.4,False,False,exact,1
224,4,0.5283333333333333,0.4716666666666667,120,1.4,False,False,exact,1
224,5,0.5333333333333333,0.4666666666666667,120,1.4,False,False,exact,1
225,1,0.38,0.38,120,-0.059333,True,False,empirical,0
225,2,0.405,0.405,120,-0.059333,True,False,empirical,1
225,3,0.4866666666666667,0.4866666666666667,120,-0.059333,True,False,empirical,1
225,4,0.5116666666666667,0.5116666666666667,120,-0.059333,True,False,empirical,1
225,5,0.49,0.49,120,-0.059333,True,False,empirical,1
226,1,0.37333333333333335,0.37333333333333335,120,-3.0,False,False,exact,0
226,2,0.38666666666666666,0.38666666666666666,120,-3.0,False,False,exact,1
226,3,0.37833333333333335,0.37833333333333335,120,-3.0,False,False,exact,1
226,4,0.40166666666666667,0.40166666666666667,120,-3.0,False,False,exact,1
226,5,0.38,0.38,120,-3.0,False,False,exact,1
227,1,0.16166666666666665,0.8383333333333334,120,2.0,True,True,exact,0
227,2,0.30833333333333335,0.6916666666666667,120,2.0,True,True,exact,1
227,3,0.5483333333333333,0.45166666666666666,120,2.0,True,True,exact,1
227,4,0.5766666666666667,0.42333333333333334,120,2.0,True,True,exact,1
227,5,0.5733333333333334,0.4266666666666667,120,2.0,True,True,exact,1
228,1,0.2966666666666667,0.7033333333333334,120,1.563,True,False,empirical,0
228,2,0.175,0.825,120,1.563,True,False,empirical,1
228,3,0.115,0.885,120,1.563,True,False,empirical,1
228,4,0.10166666666666667,0.8983333333333333,120,1.563,True,False,empirical,1
228,5,0.095,0.905,120,1.563,True,False,empirical,1
229,1,0.4066666666666667,0.5933333333333334,120,1.997333,True,True,empirical,0
229,2,0.3333333333333333,0.6666666666666666,120,1.997333,True,True,empirical,1
229,3,0.30833333333333335,0.6916666666666667,120,1.997333,True,True,empirical,1
229,4,0.24166666666666667,0.7583333333333333,120,1.997333,True,True,empirical,1
229,5,0.22833333333333333,0.7716666666666666,120,1.997333,True,True,empirical,1
230,1,0.12166666666666667,0.8783333333333333,120,6.5,False,False,exact,0
230,2,0.03,0.97,120,6.5,False,False,exact,1
230,3,0.016666666666666666,0.9833333333333333,120,6.5,False,False,exact,1
230,4,0.005,0.995,120,6.5,False,False,exact,1
230,5,0.005,0.995,120,6.5,False,False,exact,1
231,1,0.25666666666666665,0.25666666666666665,120,-2.0,False,False,exact,0
231,2,0.37833333333333335,0.37833333333333335,120,-2.0,False,False,exact,1
231,3,0.4533333333333333,0.4533333333333333,120,-2.0,False,False,exact,1
231,4,0.5233333333333333,0.5233333333333333,120,-2.0,False,False,exact,1
231,5,0.5183333333333333,0.5183333333333333,120,-2.0,False,False,exact,1
232,1,0.46166666666666667,0.5383333333333333,120,4.576667,True,False,empirical,0
232,2,0.36666666666666664,0.6333333333333333,120,4.576667,True,False,empirical,1
232,3,0.295,0.705,120,4.576667,True,False,empirical,1
232,4,0.29833333333333334,0.7016666666666667,120,4.576667,True,False,empirical,1
232,5,0.28833333333333333,0.7116666666666667,120,4.576667,True,False,empirical,1
233,1,0.8666666666666667,0.8666666666666667,120,-2.5,False,False,exact,0
233,2,0.945,0.945,120,-2.5,False,False,exact,1
233,3,0.9816666666666667,0.9816666666666667,120,-2.5,False,False,exact,1
233,4,0.99,0.99,120,-2.5,False,False,exact,1
233,5,0.9883333333333333,0.9883333333333333,120,-2.5,False,False,exact,1
234,1,0.695,0.695,120,-7.0,False,True,exact,0
234,2,0.635,0.635,120,-7.0,False,True,exact,1
234,3,0.5666666666666667,0.5666666666666667,120,-7.0,False,True,exact,1
234,4,0.505,0.505,120,-7.0,False,True,exact,1
234,5,0.56,0.56,120,-7.0,False,True,exact,1
235,1,0.20833333333333334,0.7916666666666666,120,4.350667,True,False,empirical,0
235,2,0.21,0.79,120,4.350667,True,False,empirical,1
235,3,0.18166666666666667,0.8183333333333334,120,4.350667,True,False,empirical,1
235,4,0.17166666666666666,0.8283333333333334,120,4.350667,True,False,empirical,1
235,5,0.14,0.86,120,4.350667,True,False,empirical,1
236,1,0.195,0.805,120,7.665,True,False,empirical,0
236,2,0.12166666666666667,0.8783333333333333,120,7.665,True,False,empirical,1
236,3,0.08833333333333333,0.9116666666666666,120,7.665,True,False,empirical,1
236,4,0.08166666666666667,0.9183333333333333,120,7.665,True,False,empirical,1
236,5,0.06166666666666667,0.9383333333333334,120,7.665,True,False,empirical,1
237,1,0.11666666666666667,0.8833333333333333,120,3.387667,True,True,empirical,0
237,2,0.23,0.77,120,3.387667,True,True,empirical,1
237,3,0.3283333333333333,0.6716666666666666,120,3.387667,True,True,empirical,1
237,4,0.31,0.69,120,3.387667,True,True,empirical,1
237,5,0.3283333333333333,0.6716666666666666,120,3.387667,True,True,empirical,1
238,1,0.8616666666666667,0.8616666666666667,120,-11.179667,True,True,empirical,0
238,2,0.945,0.945,120,-11.179667,True,True,empirical,1
238,3,0.9516666666666667,0.9516666666666667,120,-11.179667,True,True,empirical,1
238,4,0.9633333333333334,0.9633333333333334,120,-11.179667,True,True,empirical,1
238,5,0.95,0.95,120,-11.179667,True,True,empirical,1
239,1,0.26166666666666666,0.26166666666666666,120,-2.600667,False,True,empirical,0
239,2,0.48,0.48,120,-2.600667,False,True,empirical,1
239,3,0.7666666666666667,0.7666666666666667,120,-2.600667,False,True,empirical,1
239,4,0.8083333333333333,0.8083333333333333,120,-2.600667,False,True,empirical,1
239,5,0.82,0.82,120,-2.600667,False,True,empirical,1
240,1,0.4583333333333333,0.5416666666666666,120,2.606,True,False,empirical,0
240,2,0.38166666666666665,0.6183333333333333,120,2.606,True,False,empirical,1
240,3,0.3466666666666667,0.6533333333333333,120,2.606,True,False,empirical,1
240,4,0.3233333333333333,0.6766666666666666,120,2.606,True,False,empirical,1
240,5,0.31666666666666665,0.6833333333333333,120,2.606,True,False,empirical,1
241,1,0.2866666666666667,0.2866666666666667,120,-1.645333,False,False,empirical,0
241,2,0.37333333333333335,0.37333333333333335,120,-1.645333,False,False,empirical,1
241,3,0.43333333333333335,0.43333333333333335,120,-1.645333,False,False,empirical,1
241,4,0.4583333333333333,0.4583333333333333,120,-1.645333,False,False,empirical,1
241,5,0.45666666666666667,0.45666666666666667,120,-1.645333,False,False,empirical,1
242,1,0.5566666666666666,0.44333333333333336,120,0.25,True,False,exact,0
242,2,0.5833333333333334,0.4166666666666667,120,0.25,True,False,exact,1
242,3,0.56,0.44,120,0.25,True,False,exact,1
242,4,0.505,0.495,120,0.25,True,False,exact,1
242,5,0.5,0.5,120,0.25,True,False,exact,1
243,1,0.5933333333333334,0.5933333333333334,120,-0.046,True,True,empirical,0
243,2,0.6316666666666667,0.6316666666666667,120,-0.046,True,True,empirical,1
243,3,0.5833333333333334,0.5833333333333334,120,-0.046,True,True,empirical,1
243,4,0.605,0.605,120,-0.046,True,True,empirical,1
243,5,0.555,0.555,120,-0.046,True,True,empirical,1
244,1,0.2816666666666667,0.7183333333333334,120,1.2,True,False,exact,0
244,2,0.37,0.63,120,1.2,True,False,exact,1
244,3,0.3433333333333333,0.6566666666666666,120,1.2,True,False,exact,1
244,4,0.34,0.66,120,1.2,True,False,exact,1
244,5,0.34833333333333333,0.6516666666666666,120,1.2,True,False,exact,1
245,1,0.3416666666666667,0.6583333333333333,120,2.5,True,False,exact,0
245,2,0.32,0.68,120,2.5,True,False,exact,1
245,3,0.3616666666666667,0.6383333333333333,120,2.5,True,False,exact,1
245,4,0.38333333333333336,0.6166666666666667,120,2.5,True,False,exact,1
245,5,0.39,0.61,120,2.5,True,False,exact,1
246,1,0.055,0.945,120,5.31,False,False,exact,0
246,2,0.018333333333333333,0.9816666666666667,120,5.31,False,False,exact,1
246,3,0.011666666666666667,0.9883333333333333,120,5.31,False,False,exact,1
246,4,0.006666666666666667,0.9933333333333333,120,5.31,False,False,exact,1
246,5,0.005,0.995,120,5.31,False,False,exact,1
247,1,0.03666666666666667,0.9633333333333334,120,7.1,False,False,exact,0
247,2,0.013333333333333334,0.9866666666666667,120,7.1,False,False,exact,1
247,3,0.008333333333333333,0.9916666666666667,120,7.1,False,False,exact,1
247,4,0.01,0.99,120,7.1,False,False,exact,1
247,5,0.011666666666666667,0.9883333333333333,120,7.1,False,False,exact,1
248,1,0.23333333333333334,0.7666666666666667,120,5.773667,True,False,empirical,0
248,2,0.19833333333333333,0.8016666666666666,120,5.773667,True,False,empirical,1
248,3,0.18333333333333332,0.8166666666666667,120,5.773667,True,False,empirical,1
248,4,0.15333333333333332,0.8466666666666667,120,5.773667,True,False,empirical,1
248,5,0.12,0.88,120,5.773667,True,False,empirical,1
249,1,0.3,0.7,120,0.65,False,False,exact,0
249,2,0.30666666666666664,0.6933333333333334,120,0.65,False,False,exact,1
249,3,0.225,0.775,120,0.65,False,False,exact,1
249,4,0.23,0.77,120,0.65,False,False,exact,1
249,5,0.22166666666666668,0.7783333333333333,120,0.65,False,False,exact,1
250,1,0.4483333333333333,0.4483333333333333,120,-0.819333,False,False,empirical,0
250,2,0.37833333333333335,0.37833333333333335,120,-0.819333,False,False,empirical,1
250,3,0.44666666666666666,0.44666666666666666,120,-0.819333,False,False,empirical,1
250,4,0.435,0.435,120,-0.819333,False,False,empirical,1
250,5,0.43666666666666665,0.43666666666666665,120,-0.819333,False,False,empirical,1
251,1,0.35333333333333333,0.35333333333333333,120,-4.6,False,False,exact,0
251,2,0.36833333333333335,0.36833333333333335,120,-4.6,False,False,exact,1
251,3,0.415,0.415,120,-4.6,False,False,exact,1
251,4,0.38333333333333336,0.38333333333333336,120,-4.6,False,False,exact,1
251,5,0.3233333333333333,0.3233333333333333,120,-4.6,False,False,exact,1
252,1,0.42,0.58,120,4.985333,True,False,empirical,0
252,2,0.38,0.62,120,4.985333,True,False,empirical,1
252,3,0.37,0.63,120,4.985333,True,False,empirical,1
252,4,0.335,0.665,120,4.985333,True,False,empirical,1
252,5,0.31833333333333336,0.6816666666666666,120,4.985333,True,False,empirical,1
253,1,0.48333333333333334,0.48333333333333334,120,-2.833,True,False,empirical,0
253,2,0.5983333333333334,0.5983333333333334,120,-2.833,True,False,empirical,1
253,3,0.6666666666666666,0.6666666666666666,120,-2.833,True,False,empirical,1
253,4,0.68,0.68,120,-2.833,True,False,empirical,1
253,5,0.72,0.72,120,-2.833,True,False,empirical,1
254,1,0.23833333333333334,0.7616666666666667,120,4.53,True,False,empirical,0
254,2,0.2683333333333333,0.7316666666666667,120,4.53,True,False,empirical,1
254,3,0.2783333333333333,0.7216666666666667,120,4.53,True,False,empirical,1
254,4,0.25,0.75,120,4.53,True,False,empirical,1
254,5,0.21833333333333332,0.7816666666666666,120,4.53,True,False,empirical,1
255,1,0.065,0.935,120,8.6,False,False,exact,0
255,2,0.023333333333333334,0.9766666666666667,120,8.6,False,False,exact,1
255,3,0.011666666666666667,0.9883333333333333,120,8.6,False,False,exact,1
255,4,0.008333333333333333,0.9916666666666667,120,8.6,False,False,exact,1
255,5,0.008333333333333333,0.9916666666666667,120,8.6,False,False,exact,1
256,1,0.9266666666666666,0.9266666666666666,120,-6.5,False,True,exact,0
256,2,0.95,0.95,120,-6.5,False,True,exact,1
256,3,0.97,0.97,120,-6.5,False,True,exact,1
256,4,0.9733333333333334,0.9733333333333334,120,-6.5,False,True,exact,1
256,5,0.97,0.97,120,-6.5,False,True,exact,1
257,1,0.6583333333333333,0.3416666666666667,120,2.187,True,False,empirical,0
257,2,0.5816666666666667,0.41833333333333333,120,2.187,True,False,empirical,1
257,3,0.5433333333333333,0.45666666666666667,120,2.187,True,False,empirical,1
257,4,0.5316666666666666,0.4683333333333333,120,2.187,True,False,empirical,1
257,5,0.57,0.43,120,2.187,True,False,empirical,1
258,1,0.49833333333333335,0.49833333333333335,120,-2.4,False,True,exact,0
258,2,0.5333333333333333,0.5333333333333333,120,-2.4,False,True,exact,1
258,3,0.595,0.595,120,-2.4,False,True,exact,1
258,4,0.6083333333333333,0.6083333333333333,120,-2.4,False,True,exact,1
258,5,0.5833333333333334,0.5833333333333334,120,-2.4,False,True,exact,1
259,1,0.6416666666666667,0.35833333333333334,120,0.973,True,True,empirical,0
259,2,0.52,0.48,120,0.973,True,True,empirical,1
259,3,0.435,0.565,120,0.973,True,True,empirical,1
259,4,0.37333333333333335,0.6266666666666667,120,0.973,True,True,empirical,1
259,5,0.375,0.625,120,0.973,True,True,empirical,1
260,1,0.6083333333333333,0.39166666666666666,120,0.23,False,False,exact,0
260,2,0.6783333333333333,0.32166666666666666,120,0.23,False,False,exact,1
260,3,0.6633333333333333,0.33666666666666667,120,0.23,False,False,exact,1
260,4,0.6366666666666667,0.36333333333333334,120,0.23,False,False,exact,1
260,5,0.6633333333333333,0.33666666666666667,120,0.23,False,False,exact,1
261,1,0.435,0.435,120,-1.521333,False,False,empirical,0
261,2,0.48833333333333334,0.48833333333333334,120,-1.521333,False,False,empirical,1
261,3,0.5083333333333333,0.5083333333333333,120,-1.521333,False,False,empirical,1
261,4,0.5083333333333333,0.5083333333333333,120,-1.521333,False,False,empirical,1
261,5,0.4866666666666667,0.4866666666666667,120,-1.521333,False,False,empirical,1
262,1,0.37166666666666665,0.37166666666666665,120,-3.467,True,False,empirical,0
262,2,0.5033333333333333,0.5033333333333333,120,-3.467,True,False,empirical,1
262,3,0.58,0.58,120,-3.467,True,False,empirical,1
262,4,0.625,0.625,120,-3.467,True,False,empirical,1
262,5,0.5933333333333334,0.5933333333333334,120,-3.467,True,False,empirical,1
263,1,0.14,0.14,120,-0.81,True,True,exact,0
263,2,0.3016666666666667,0.3016666666666667,120,-0.81,True,True,exact,1
263,3,0.45,0.45,120,-0.81,True,True,exact,1
263,4,0.4666666666666667,0.4666666666666667,120,-0.81,True,True,exact,1
263,5,0.47,0.47,120,-0.81,True,True,exact,1
264,1,0.6033333333333334,0.39666666666666667,120,3.980667,True,False,empirical,0
264,2,0.47,0.53,120,3.980667,True,False,empirical,1
264,3,0.42333333333333334,0.5766666666666667,120,3.980667,True,False,empirical,1
264,4,0.3883333333333333,0.6116666666666667,120,3.980667,True,False,empirical,1
264,5,0.3616666666666667,0.6383333333333333,120,3.980667,True,False,empirical,1
265,1,0.20166666666666666,0.7983333333333333,120,3.790333,True,False,empirical,0
265,2,0.275,0.725,120,3.790333,True,False,empirical,1
265,3,0.2783333333333333,0.7216666666666667,120,3.790333,True,False,empirical,1
265,4,0.305,0.695,120,3.790333,True,False,empirical,1
265,5,0.26,0.74,120,3.790333,True,False,empirical,1
266,1,0.65,0.65,120,-1.5,False,False,exact,0
266,2,0.7116666666666667,0.7116666666666667,120,-1.5,False,False,exact,1
266,3,0.685,0.685,120,-1.5,False,False,exact,1
266,4,0.6783333333333333,0.6783333333333333,120,-1.5,False,False,exact,1
266,5,0.6633333333333333,0.6633333333333333,120,-1.5,False,False,exact,1
267,1,0.28833333333333333,0.7116666666666667,120,2.275333,True,False,empirical,0
267,2,0.28,0.72,120,2.275333,True,False,empirical,1
267,3,0.305,0.695,120,2.275333,True,False,empirical,1
267,4,0.2733333333333333,0.7266666666666667,120,2.275333,True,False,empirical,1
267,5,0.25166666666666665,0.7483333333333333,120,2.275333,True,False,empirical,1
268,1,0.475,0.525,120,0.855333,True,False,empirical,0
268,2,0.62,0.38,120,0.855333,True,False,empirical,1
268,3,0.6416666666666667,0.35833333333333334,120,0.855333,True,False,empirical,1
268,4,0.6166666666666667,0.38333333333333336,120,0.855333,True,False,empirical,1
268,5,0.5716666666666667,0.42833333333333334,120,0.855333,True,False,empirical,1
269,1,0.355,0.355,120,-5.6,False,False,exact,0
269,2,0.33166666666666667,0.33166666666666667,120,-5.6,False,False,exact,1
269,3,0.345,0.345,120,-5.6,False,False,exact,1
269,4,0.34,0.34,120,-5.6,False,False,exact,1
269,5,0.3283333333333333,0.3283333333333333,120,-5.6,False,False,exact,1
270,1,0.4116666666666667,0.5883333333333334,120,8.8,False,False,exact,0
270,2,0.41833333333333333,0.5816666666666667,120,8.8,False,False,exact,1
270,3,0.43166666666666664,0.5683333333333334,120,8.8,False,False,exact,1
270,4,0.46166666666666667,0.5383333333333333,120,8.8,False,False,exact,1
270,5,0.49833333333333335,0.5016666666666667,120,8.8,False,False,exact,1
